id,hand_ink_rle,hand_bbox_json,confidence
0,1471:1 1591:11 1718:12 1844:15 1970:21 2098:18 2228:14 2355:14 2487:8 2615:9 2743:10 2871:10 2883:1 2999:2 3007:2 3011:3 3127:1 3135:3 3139:3 7399:2 7525:6 7649:10 7703:2 7777:11 7831:2 7893:1 7895:24 7959:2 8019:28 8087:2 8143:32 8215:2 8271:32 8343:3 8399:32 8470:5 8527:32 8599:4 8655:32 8725:8 8783:32 8855:4 8914:29 8982:5 9042:29 9110:5 9174:23 9238:5 9302:24 9431:22 9559:22 9689:20 9817:20 9945:18 10073:17 10206:5 10333:6 10459:8 10586:9 10711:12 10839:11 10969:5 11098:1 11593:4 11719:8 11846:9 11973:10 12100:11 12227:15 12355:16 12481:14 12609:14 12737:14 12863:16 12985:22 13111:24 13231:2 13236:1 13239:24 13359:2 13363:3 13367:24 13497:22 13625:22 13757:18 13887:16 14013:17 14141:16 14269:13 14393:18 14525:12 14654:5 14663:2 14783:2,"{""x"": 0.16406, ""y"": 0.08594, ""w"": 0.70312, ""h"": 0.82031}",0.3379
7,2523:8 2647:14 2770:19 2887:4 2892:1 2897:22 3013:10 3025:22 3141:10 3153:22 3269:30 3396:31 3523:32 3556:1 3651:32 3684:1 3779:32 3812:1 3907:32 3940:1 4035:32 4163:32 4291:34 4419:34 4547:34 4675:34 4803:34 4931:32 5059:30 5187:31 5315:28 5442:29 5570:29 5698:29 5825:30 5953:30 6081:28 6209:28 6337:28 6465:28 6593:30 6722:29 6851:20 6873:5 6979:19 7109:14 7237:14 9370:11 9497:14 9514:1 9516:1 9518:1 9625:22 9753:22 9881:22 10009:22 10137:22 10265:22 10391:22 10518:21 10540:1 10644:23 10771:24 10900:23 11028:1 11030:21 11158:21 11287:20 11411:24 11539:26 11667:26 11794:27 11921:26 12049:26 12177:24 12305:22 12433:21 12561:20 12689:19 12817:18 12943:1 12945:18 13071:19 13199:18 13327:18 13459:13 13589:10 13719:4 13847:1,"{""x"": 0.11719, ""y"": 0.14844, ""w"": 0.6875, ""h"": 0.70312}",0.4141
10,1959:10 2087:10 2212:14 2339:16 2466:18 2594:19 2721:21 2849:22 2977:26 3103:1 3105:26 3233:30 3359:1 3361:32 3487:1 3489:32 3615:34 3743:36 3780:1 3871:38 3998:39 4126:40 4257:40 4385:40 4514:40 4642:40 4771:39 4900:38 5031:34 5159:34 5283:39 5411:40 5538:40 5666:40 5795:39 5923:39 6060:29 6191:26 6325:20 6453:20 6583:16 6710:17 6841:13 6969:13 7097:12 7225:12 7353:9 7481:9 11799:1 11925:4 12053:5 12179:9 12263:6 12307:9 12391:6 12437:4 12518:7 12565:4 12645:8 12695:2 12773:9 12823:2 12901:9 13029:10 13155:12 13168:1 13282:13 13296:1 13410:15 13544:1,"{""x"": 0.14844, ""y"": 0.11719, ""w"": 0.73438, ""h"": 0.71094}",0.3696
15,2536:1 2540:1 2663:6 2735:1 2737:5 2796:1 2862:11 2911:1 2923:2 2986:17 3033:12 3046:1 3049:4 3114:17 3159:1 3161:20 3239:24 3295:2 3366:25 3493:28 3620:29 3747:30 3875:28 3904:1 4002:21 4130:21 4257:21 4385:21 4513:21 4641:21 4769:21 4897:21 5025:21 5153:22 5281:18 5409:18 5537:17 5665:17 5793:16 5921:14 6050:9 6178:9 6307:8 6435:8 6563:7 6692:6 6821:4 6951:2 7663:2 7791:2 7919:2 8047:2 8176:1 9197:5 9325:6 10648:1 10776:1 10903:2 11031:2 11159:6 11183:3 11287:6 11311:4 11415:2 11439:4 11543:2 11567:4 11671:2 11695:4 11799:2 11823:4 11927:1 11949:8 12055:1 12077:8 12205:8 12334:7 12459:10 12587:10 12713:13 12841:12 12969:12 13098:11 13225:8 13352:10,"{""x"": 0.17969, ""y"": 0.14844, ""w"": 0.71875, ""h"": 0.67188}",0.2968
16,2279:2 2407:3 2535:3 2663:4 2789:8 2917:9 3043:14 3171:14 3259:5 3269:4 3297:16 3386:8 3396:5 3425:16 3506:3 3513:17 3553:16 3631:1 3633:5 3641:17 3681:16 3761:1 3764:1 3769:16 3810:15 3887:3 3892:1 3897:16 3938:12 3951:2 4015:2 4026:13 4070:3 4143:2 4155:12 4199:2 4286:7 4325:13 4414:7 4453:14 4514:1 4516:1 4544:2 4581:14 4639:6 4672:1 4709:14 4764:11 4835:15 4891:12 4963:15 5018:13 5091:14 5146:13 5219:14 5271:20 5348:11 5398:21 5476:11 5523:26 5605:8 5650:27 5733:8 5778:27 5863:2 5905:28 5992:1 6031:1 6033:28 6159:1 6161:28 6296:23 6425:22 6553:2 6556:19 6681:1 6683:20 6813:18 6947:12 7075:12 7203:12 7333:10 7463:8 7584:1 7593:6 7711:2 7721:6 7839:6 7849:6 7967:6 7977:6 8095:7 8107:2 8223:7 8234:3 8351:2 10207:2 10335:2 10463:2 10551:2 10591:2 10679:10 10719:2 10807:10 10835:2 10847:2 10933:9 10944:1 10975:2 11061:9 11103:2 11190:7 11223:2 11226:1 11228:5 11317:9 11352:1 11359:2 11446:3 11487:2 11574:3 11615:2 11703:2 11743:2 11831:1 11871:2 12000:1,"{""x"": 0.11719, ""y"": 0.13281, ""w"": 0.78125, ""h"": 0.60156}",0.3119
24,2575:2 2700:5 2827:6 2871:2 2955:8 2995:12 3008:3 3083:8 3124:11 3136:3 3210:8 3247:24 3338:7 3374:25 3466:7 3501:26 3535:2 3594:7 3629:30 3660:6 3723:6 3758:29 3788:7 3851:6 3885:38 4013:40 4111:1 4141:40 4269:40 4397:40 4526:39 4653:41 4783:39 4911:39 5041:37 5164:1 5169:37 5302:3 5317:18 5445:18 5574:17 5702:17 5831:16 5959:16 6089:14 6217:14 6345:14 6474:13 6603:12 6731:12 6859:12 6988:11 7117:10 7245:10 7373:14 7501:14 7629:16 7757:16 7887:14 8015:14 8145:12 8273:12 8403:8 8531:1 8533:6 8663:1 8791:2 9701:8 9829:10 9957:10 10085:12 10213:13 10341:13 10469:13 10595:1 10597:13 10723:12 10851:13 10982:7 11110:4 11239:2 13263:1 13287:2 13391:2 13415:2,"{""x"": 0.07812, ""y"": 0.15625, ""w"": 0.8125, ""h"": 0.66406}",0.3314
28,1863:2 1986:9 2114:9 2193:16 2241:10 2321:16 2367:14 2447:1 2449:20 2495:14 2575:22 2621:16 2703:24 2751:14 2831:24 2878:16 2958:27 3005:18 3086:27 3133:18 3217:22 3261:18 3345:21 3387:20 3474:17 3517:18 3543:2 3602:17 3643:20 3671:2 3734:4 3740:5 3773:18 3799:3 3863:2 3871:2 3901:18 3926:5 4035:1 4038:1 4055:4 4163:1 4183:4 4311:3 4439:4 4567:2 4695:4 4823:3 4951:4 5077:6 5205:6 5334:7 5462:7 5591:6 5719:7 5847:6 5975:6 6107:1 6235:1 6296:1 6422:3 6549:5 6675:8 6803:7 6931:7 7059:6 7187:6 7313:9 7441:9 7570:8 7697:9 7825:9 7953:9 8081:10 8209:10 8337:9 8467:7 8597:4 8725:4 8854:3 8982:3 9111:1 9239:2 13015:2 13142:3 13267:8 13395:10 13525:4 13654:3 13783:2 13911:1,"{""x"": 0.10938, ""y"": 0.10938, ""w"": 0.625, ""h"": 0.74219}",0.293
33,2991:2 3119:3 3932:7 4057:14 4186:13 4297:4 4305:22 4423:8 4433:24 4551:8 4561:24 4679:34 4807:35 4934:36 5062:37 5191:35 5318:37 5446:37 5574:37 5702:37 5828:41 5955:42 6083:42 6211:42 6338:43 6465:44 6593:44 6721:44 6849:42 6977:42 7105:37 7233:36 7363:32 7491:32 7621:30 7749:30 7879:27 8007:16 8025:9 11419:10 11545:15 11673:16 11801:16 11929:17 12057:17 12185:17 12313:17 12441:17 12569:17 12697:17 12825:17 12953:7 12965:1 12967:1 13081:4,"{""x"": 0.19531, ""y"": 0.17969, ""w"": 0.65625, ""h"": 0.625}",0.3607
39,2511:1 2639:2 2766:5 2893:6 3021:9 3149:8 3275:11 3403:12 3519:8 3531:12 3647:8 3659:12 3773:10 3786:13 3901:10 3913:14 4025:14 4041:13 4153:14 4169:13 4275:36 4403:36 4529:38 4657:40 4786:37 4913:38 5043:36 5171:35 5297:28 5425:26 5553:10 5569:8 5681:10 5697:8 5809:10 5825:10 5937:10 5953:10 6067:5 6081:10 6195:4 6209:9 6325:1 6339:6 6459:1 6462:3 6468:1 6472:1 6587:1 6591:2 6715:2 6719:2 6843:8 6852:5 6971:14 7100:7 7228:6 9627:1 9755:1 9884:1 10007:1 10012:1 10134:4 10139:2 10261:5 10267:2 10389:7 10516:8 10646:5 10771:9 10781:2 10903:1 10905:2 11031:1 11033:1 12183:2 12311:2 12439:2 12495:1 12567:2 12623:2 12695:2 12743:1 12747:7 12823:2 12871:1 12873:1 12875:8 12951:2 12999:12 13078:3 13126:13 13206:3 13253:14 13333:4 13381:14 13511:2 13519:2 13639:2 13767:1 13895:1 14023:1 14151:2 14279:1 14407:2,"{""x"": 0.14844, ""y"": 0.14844, ""w"": 0.54688, ""h"": 0.73438}",0.2929
48,2511:2 2639:2 2765:4 2892:6 3019:8 3147:8 3273:9 3359:1 3399:11 3483:6 3523:15 3611:6 3650:16 3741:4 3778:15 3871:2 3905:16 4033:10 4161:10 4255:2 4279:31 4383:2 4407:32 4511:2 4516:1 4521:1 4524:1 4533:36 4639:2 4643:2 4648:5 4661:38 4766:8 4775:6 4791:36 4893:16 4919:36 5020:17 5049:34 5148:17 5177:32 5279:3 5287:6 5313:20 5407:2 5415:6 5442:19 5543:6 5574:9 5671:6 5703:8 5801:2 5834:1 5836:1 5929:1 6711:1 9055:2 9183:1 9311:1 9439:1 9567:2 9695:2 9823:2 9951:2 10079:2 10335:1 10599:2 10724:5 10852:5 10981:1 11110:3 11492:9 11618:11 11746:11 11873:12 12001:12 12129:12 12257:14 12272:1 12385:16 12514:13 12528:1 12642:13 12771:14 12871:2 12899:11 12911:2 12991:11 13027:14 13117:14 13155:14 13242:19 13285:10 13370:19 13412:13 13499:15 13543:2 13627:15 13671:2 13755:8 13764:5 13883:14 14011:15 14139:14 14267:15 14394:17 14524:13 14652:13 14781:6 14788:1 14910:5,"{""x"": 0.21094, ""y"": 0.14844, ""w"": 0.67188, ""h"": 0.76562}",0.3129
51,2639:2 2767:2 2893:5 3020:5 3147:6 3275:5 3403:6 3527:7 3655:7 3769:6 3783:3 3895:1 3897:7 3911:2 4022:19 4149:20 4275:24 4403:24 4428:1 4504:1 4506:5 4521:2 4529:28 4631:2 4634:4 4659:26 4759:6 4788:25 4887:6 4917:22 4940:1 5015:4 5049:4 5143:6 5178:1 5180:1 5271:2 5303:8 5400:1 5430:9 5556:11 5683:14 5806:1 5809:17 5933:22 6059:24 6188:23 6321:20 6449:22 6577:22 6705:22 6833:24 6961:24 7090:23 7218:23 7345:25 7473:26 7601:28 7729:28 7858:27 7986:27 8117:25 8246:23 8383:10 8513:8 13199:1 13327:2,"{""x"": 0.11719, ""y"": 0.15625, ""w"": 0.52344, ""h"": 0.66406}",0.3089
53,3063:2 3191:2 3319:2 3362:1 3447:2 3487:6 3575:2 3614:8 3627:2 3703:2 3740:11 3754:3 3868:11 3881:4 3995:12 4009:5 4071:1 4123:12 4137:5 4199:2 4251:20 4329:4 4379:20 4455:10 4506:21 4583:12 4633:22 4711:12 4761:22 4841:10 4889:22 4969:10 5017:22 5101:4 5145:22 5229:4 5273:14 5289:6 5359:2 5401:14 5417:8 5487:2 5529:14 5545:8 5615:2 5657:14 5673:8 5743:2 5783:1 5785:15 5801:8 5913:15 5929:8 6043:12 6057:8 6171:12 6185:9 6303:8 6313:10 6431:8 6441:10 6559:8 6569:12 6687:1 6689:6 6697:12 6815:6 6826:11 6943:6 6954:11 7073:2 7083:10 7199:4 7211:10 7343:2 7471:2 10185:6 10193:6 10201:12 10311:8 10321:2 10324:1 10329:13 10441:30 10569:30 10697:32 10825:32 10953:32 11081:32 11209:30 11337:30 11465:30 11593:30 11721:30 11849:30 11978:29 12106:29 12235:27 12362:27 12493:24 12621:24 12750:23 12878:23 13009:22 13142:17 13277:10 13288:1 13405:10 13416:1,"{""x"": 0.17969, ""y"": 0.17969, ""w"": 0.76562, ""h"": 0.64062}",0.3575
59,4071:4 4198:5 5271:1 5399:2 5527:6 5551:2 5652:1 5654:8 5679:3 5783:7 5807:2 5908:1 5910:8 5935:3 6038:7 6063:1 6167:6 6183:1 6191:1 6423:1 7314:8 7441:9 7569:10 7697:10 7825:10 7951:1 7953:10 8079:12 8207:12 8334:15 8462:15 8589:17 8716:18 8846:16 8974:15 9102:16 9230:16 9359:1 9361:14 9487:1 9489:14 9617:14 9745:14 9873:14 10001:14 10129:14 10257:14 10272:1 10385:20 10513:22 10641:22 10769:24 10897:24 11026:24 11155:24 11283:24 11413:22 11542:21 11671:18 11799:16 11816:1 11927:15 12055:12 12187:6 12316:4 13274:3 13401:5 13988:2 13991:2 14116:7 14243:10 14371:13 14499:11 14626:11 14753:12 14882:11,"{""x"": 0.09375, ""y"": 0.24219, ""w"": 0.74219, ""h"": 0.67188}",0.3056
60,2919:2 2991:1 3002:3 3007:1 3045:7 3119:1 3131:2 3135:1 3173:8 3242:7 3263:1 3301:8 3361:6 3369:9 3391:2 3394:1 3396:5 3427:10 3479:2 3483:12 3497:9 3519:10 3555:10 3607:16 3625:9 3647:10 3682:11 3734:17 3753:8 3773:13 3811:8 3861:18 3881:8 3901:14 3939:8 3989:18 4009:8 4029:14 4069:5 4117:18 4138:7 4157:14 4197:5 4246:17 4266:7 4286:13 4323:8 4374:17 4393:8 4414:14 4451:10 4503:16 4524:3 4542:14 4578:11 4630:17 4652:3 4669:17 4705:12 4757:18 4780:1 4797:12 4834:11 4885:18 4908:1 4924:13 4962:11 5013:18 5059:6 5091:10 5140:19 5187:6 5219:10 5269:18 5289:6 5347:8 5396:27 5475:8 5524:27 5604:5 5653:26 5734:3 5781:26 5863:1 5908:28 6036:4 6047:17 6164:2 6167:1 6175:18 6303:20 6431:20 6559:20 6687:22 6813:22 6941:22 7069:22 7195:24 7326:17 7455:4 7461:10 10167:2 10295:2,"{""x"": 0.15625, ""y"": 0.17188, ""w"": 0.69531, ""h"": 0.46094}",0.3204
63,2535:3 2662:6 2788:10 2915:13 3006:7 3041:17 3134:7 3169:17 3263:4 3298:17 3391:4 3426:17 3519:2 3555:16 3647:2 3682:17 3745:2 3811:16 3871:6 3939:16 3991:14 4066:17 4119:14 4195:15 4246:17 4325:10 4373:22 4453:10 4501:24 4583:2 4628:27 4711:2 4757:26 4885:27 5013:26 5141:26 5269:26 5398:25 5527:24 5655:24 5783:24 5911:24 6045:18 6174:17 6300:19 6428:21 6555:22 6683:22 6809:23 6937:22 7065:20 7191:22 7329:1 9163:12 9291:1 9293:8 9419:17 9547:18 9675:18 9804:18 9933:18 10061:18 10191:16 10319:16 10449:12 10577:12 10705:12 10833:12 10962:11 11091:10 11221:8 11349:8 11479:2 11607:2,"{""x"": 0.15625, ""y"": 0.14844, ""w"": 0.74219, ""h"": 0.5625}",0.3264
70,2647:1 2772:5 2897:8 3010:5 3017:17 3138:5 3145:18 3253:37 3371:46 3497:48 3625:48 3753:46 3881:46 4009:42 4137:42 4265:14 4281:28 4391:16 4409:29 4519:15 4545:22 4647:15 4673:22 4777:14 4793:1 4795:3 4801:22 4905:14 4921:7 4929:22 5035:44 5163:42 5297:30 5425:29 5553:28 5681:28 5809:26 5941:21 6071:8 6081:4 6199:1 6201:12 6331:1 6337:4 6460:1 6462:7 6588:1 6591:6 6716:1 6719:6 6847:2 6976:1 12009:5 12137:6 12263:10 12391:10 12487:10 12521:8 12613:12 12649:8 12739:16 12779:6 12866:17 12907:6 12991:19 13036:5 13119:19 13164:5 13244:21 13372:21 13424:1 13501:14 13629:14 13758:11 13886:11 14011:14 14139:14 14267:14 14395:15 14525:12 14653:12 14782:11 14911:6,"{""x"": 0.30469, ""y"": 0.15625, ""w"": 0.57812, ""h"": 0.75781}",0.3457
77,1967:2 2095:2 2222:4 2349:6 2477:6 2605:6 2732:7 2860:7 2987:8 3115:8 3244:5 3372:5 3479:2 3503:2 3607:2 3631:2 3735:2 3757:4 3863:2 3885:4 4014:3 4141:4 4247:2 4375:2 4503:2 4631:2 4759:2 4887:2 5015:2 5143:2 6295:2 6422:3 6547:7 6675:7 6803:8 6887:2 6930:9 7015:2 7058:9 7139:7 7186:9 7267:8 7314:9 7395:8 7442:9 7522:9 7570:9 7649:10 7698:9 7777:10 7826:9 7905:9 7954:9 8031:1 8033:9 8082:9 8158:11 8210:8 8285:12 8338:9 8415:8 8465:10 8543:8 8552:1 8593:10 8671:8 8721:10 8799:7 8849:10 8977:12 9105:14 9233:16 9361:16 9489:16 9617:16 9745:16 9875:8 9887:2 10003:8 10135:1 10263:1 10391:1 10399:2 10519:2 10527:2 10530:1 10647:4 10653:8 10775:4 10781:8 10903:5 10909:8 11031:1 11033:3 11037:8 11163:1 11165:6 11290:2 11293:6 11417:9 11543:10 11667:15 11723:2 11795:16 11850:5 11923:7 11935:1 11977:8 12051:7 12104:11 12183:2 12231:12 12311:1 12359:12 12439:1 12485:16 12611:18 12737:21 12865:21 12993:21 13119:23 13245:24 13373:24 13505:14 13520:1 13633:14 13763:11 13891:10 14017:12 14143:12 14265:16 14384:1 14393:17 14521:16 14650:15 14779:10 14910:5,"{""x"": 0.13281, ""y"": 0.11719, ""w"": 0.70312, ""h"": 0.79688}",0.3115
80,5030:3 5158:3 5279:1 5281:9 5407:12 5534:13 5549:8 5660:15 5677:8 5788:15 5804:3 5915:18 5934:1 5936:1 6043:18 6171:18 6298:17 6425:18 6553:16 6679:18 6807:4 6812:12 6934:5 6945:5 7062:3 7191:2 7314:9 7442:9 7569:10 7697:10 7825:10 7836:1 7953:12 8081:12 8209:13 8337:17 8465:18 8593:18 8721:18 8849:18 8977:18 9105:17 9233:17 9361:18 9489:18 9618:17 9746:17 9875:18 10003:19 10131:20 10260:19 10389:20 10517:20 10645:22 10773:22 10902:26 11030:27 11159:26 11287:26 11415:28 11543:28 11671:30 11799:29 11929:26 12057:25 12191:1 12197:10 12319:2 12325:10 12453:10 12579:14 12707:12 12835:14 12965:6 12975:2 13093:6 13103:3 13231:4 13359:5 14426:4 14432:1,"{""x"": 0.13281, ""y"": 0.30469, ""w"": 0.625, ""h"": 0.57812}",0.3323
81,3999:2 4127:2 4255:2 4381:4 4508:5 4636:5 4765:4 4893:4 5023:2 5151:2 5275:6 5402:9 5529:12 5657:13 5783:16 5910:17 6038:19 6166:19 6292:21 6419:22 6547:22 6675:22 6803:22 6931:21 7059:20 7187:20 7315:21 7399:2 7443:22 7527:2 7571:20 7654:4 7699:20 7721:1 7781:6 7827:22 7909:6 7955:22 8037:6 8044:1 8083:20 8164:9 8211:20 8292:9 8339:22 8421:8 8467:22 8548:9 8595:22 8675:10 8723:22 8803:10 8853:20 8932:7 8982:19 9061:6 9113:18 9190:4 9241:18 9318:5 9369:17 9446:5 9452:5 9497:17 9573:12 9625:17 9701:13 9753:17 9829:13 9883:14 9958:12 10011:14 10087:11 10219:7 10348:6 10471:12 10598:13 10725:14 10853:14 10982:12 11110:5 11117:5 11247:2 11375:2 12980:2 12983:2 13108:5 13231:1 13233:8 13359:10,"{""x"": 0.14844, ""y"": 0.24219, ""w"": 0.75, ""h"": 0.57812}",0.3186
84,5271:2 5282:9 5398:3 5409:12 5527:4 5534:20 5652:1 5654:5 5660:23 5783:28 5911:27 6039:28 6167:26 6297:21 6423:22 6553:19 6679:22 6807:19 6934:19 7062:13 7190:13 7314:16 7441:16 7569:16 7697:16 7825:16 7953:16 8081:15 8209:16 8337:14 8465:14 8593:14 8721:14 8849:12 8977:12 9105:10 9233:10 9361:12 9489:12 9617:13 9745:13 9874:11 10002:11 10131:8 10259:8 10385:24 10513:26 10639:32 10767:32 10840:1 10894:33 11021:36 11149:36 11277:36 11406:35 11534:35 11663:1 11665:33 11791:35 11919:1 11921:16 11942:9 12047:5 12053:10 12071:8 12183:6 12311:6 12439:6 12567:6 12693:8 12821:6 12828:1 12949:6 13078:5 13991:3 14117:6 14242:10 14370:12 14497:14 14625:12 14755:12 14884:10,"{""x"": 0.10156, ""y"": 0.32031, ""w"": 0.59375, ""h"": 0.59375}",0.3438
87,3749:5 3876:7 3997:14 4125:16 4252:17 4378:1 4380:18 4506:20 4633:22 4761:10 4773:8 4887:12 4901:6 5021:4 5031:1 5149:4 5159:1 7095:2 7567:2 7695:2 7823:2 7951:2 8078:4 8205:6 8333:6 8461:6 8588:9 8716:9 8845:6 8855:2 8973:6 8983:2 9103:2 9111:2 9230:3 9239:2 9355:18 9483:19 9610:23 9738:24 9866:25 9994:25 10123:24 10251:26 10385:21 10513:22 10641:22 10769:22 10898:20 11026:19 11155:16 11283:16 11412:17 11541:16 11669:16 11798:15 11927:14 12061:8 12447:2 12574:3 12701:4 12759:2 12829:4 12886:3 12955:8 13013:4 13083:8 13099:5 13139:6 13211:12 13224:11 13267:6 13339:24 13396:1 13398:3 13466:24 13594:23 13722:23 13850:23 13978:25 14106:25 14234:28 14362:29 14490:29 14618:29 14747:27 14876:23 14900:1 15007:1,"{""x"": 0.07812, ""y"": 0.22656, ""w"": 0.61719, ""h"": 0.69531}",0.3238
88,2747:2 2874:3 3001:8 3129:8 3257:7 3385:7 3513:5 3641:6 3764:2 3767:1 3769:2 3772:1 3891:7 4019:4 4071:2 4146:7 4199:2 4263:16 4377:2 4390:17 4505:2 4517:18 4631:4 4645:18 4759:1 4761:1 4773:16 4887:4 4901:16 5018:1 5028:15 5145:1 5155:16 5285:12 5413:12 5542:9 5670:9 5680:1 5799:6 5806:1 5927:6 6316:1 6443:2 6571:2 6699:2 6828:1 7321:1 7439:2 7449:1 7567:4 7572:1 7575:4 7695:7 7703:4 7823:11 7950:12 8077:13 8205:13 8333:12 8461:12 8589:10 8717:10 8845:9 8973:8 9101:6 9229:6 9357:8 9485:9 9613:10 9741:12 9871:18 9999:18 10133:14 10260:15 10390:12 10518:12 10647:11 10775:11 10905:4 10911:2 11039:1 11343:1 11423:2 11471:3 11551:3 11599:4 11678:7 11725:8 11806:7 11853:8 11935:6 11981:8 12063:6 12109:8 12239:4 12367:4 12495:4 12623:5 12717:1 12751:6 12843:6 12878:7 12967:12 13005:9 13089:1 13092:16 13133:10 13217:20 13259:12 13345:20 13387:12 13474:16 13517:10 13603:15 13646:9 13731:3 13735:6 13775:6 13861:5 13903:1 13991:2 14031:4 14120:1 14159:4 14375:2 14415:4,"{""x"": 0.10156, ""y"": 0.16406, ""w"": 0.71875, ""h"": 0.71875}",0.2935
94,2615:2 2739:6 2867:6 2995:7 3123:8 3250:8 3378:8 3506:7 3634:7 3762:7 3890:7 4020:1 4148:1 5271:2 5399:2 5525:8 5652:9 5780:11 5908:12 6035:16 6164:19 6291:16 6418:17 6545:17 6673:17 6801:16 6929:16 7058:11 7186:11 7315:10 7443:10 7574:5 7580:1 7702:5 7708:1 7830:5 7958:5 8087:2 8215:3 8335:1 8340:6 8463:12 8591:11 8718:12 8847:10 8974:11 9103:10 9231:10 10399:2 10516:1 10518:5 10524:5 10642:19 10769:20 10897:21 11025:22 11155:22 11284:21 11417:16 11545:16 11673:18 11801:18 11929:14 11944:1 12058:13 12189:6 12317:6 12445:8 12573:10 12702:9 12829:12 12958:11 13086:11 13217:10 13345:10 13476:3 13604:3 13985:9 14113:10 14238:15 14365:17 14493:18 14622:17 14749:17 14879:15 15009:8,"{""x"": 0.10938, ""y"": 0.15625, ""w"": 0.35156, ""h"": 0.76562}",0.2954
95,1839:1 1966:3 2094:3 2218:9 2345:10 2471:14 2598:15 2723:20 2851:21 2978:25 3106:25 3235:28 3363:29 3491:34 3619:35 3749:34 3878:34 4009:34 4138:33 4265:34 4393:34 4519:36 4647:38 4777:31 4905:30 5033:30 5161:30 5290:28 5418:28 5547:26 5676:25 5711:1 5809:22 5839:2 5937:22 5965:4 6081:7 6090:7 6199:2 6209:16 6327:4 6333:20 6454:5 6461:20 6582:5 6589:21 6710:28 6839:4 6845:21 6969:1 6974:19 7105:16 7233:16 7361:13 7491:10 12441:6 12568:7 12687:1 12695:10 12815:3 12820:13 12942:19 13070:19 13196:19 13324:19,"{""x"": 0.09375, ""y"": 0.10938, ""w"": 0.54688, ""h"": 0.71094}",0.3485
96,1713:4 1841:6 1967:10 2095:10 2225:12 2353:13 2481:14 2609:16 2732:23 2860:1 2862:24 2988:30 3116:1 3118:29 3239:1 3241:36 3367:39 3493:42 3621:42 3751:40 3879:39 4010:33 4139:30 4271:25 4399:26 4527:24 4655:25 4785:14 4801:6 4811:1 4816:1 4913:13 4929:6 4939:3 4943:2 5060:3 5065:8 5188:3 5193:8 5302:5 5423:2 5430:5 5550:3 5554:1 5558:5 5564:1 5676:17 5803:16 5820:1 5931:16 6058:16 6187:14 6316:5 6327:2 6444:1 6446:3 6455:2 6555:2 6575:1 6583:2 6683:2 6703:1 6711:2 6811:2 6839:2 6939:5 6967:2 7067:5 7195:3 12807:1 12809:4 12935:4 13063:4 13068:1 13111:6 13237:10 13285:12 13365:10 13413:12 13495:4 13500:1 13624:1,"{""x"": 0.05469, ""y"": 0.10156, ""w"": 0.82812, ""h"": 0.73438}",0.3138
100,2361:12 2486:20 2613:22 2733:33 2859:36 2983:40 3111:40 3239:42 3367:44 3483:2 3493:46 3623:46 3753:44 3881:44 4023:30 4151:28 4266:6 4277:25 4393:10 4404:25 4521:33 4649:32 4777:29 4905:26 4932:1 5033:22 5161:24 5289:28 5417:3 5421:28 5551:26 5681:24 5809:25 5938:24 6067:1 6069:21 6195:23 6323:1 6325:22 6451:26 6579:26 6707:26 6836:27 6964:27 7094:25 7222:25 7363:8 7494:3 12487:10 12615:10 12740:15 12868:15 12995:16 13121:18 13249:16 13377:16 13510:4 13638:3 13767:2 14023:1 14151:2 14279:1 14407:2,"{""x"": 0.21094, ""y"": 0.14062, ""w"": 0.45312, ""h"": 0.74219}",0.3628
107,2219:11 2347:14 2473:16 2601:17 2729:18 2857:18 2983:20 3111:20 3239:20 3366:21 3494:21 3622:21 3751:21 3879:22 4009:22 4035:6 4137:22 4161:8 4265:38 4393:41 4521:42 4649:42 4777:42 4905:42 5034:41 5162:41 5289:42 5417:42 5545:41 5673:41 5801:40 5929:40 6058:36 6187:35 6316:33 6446:31 6577:26 6705:26 6835:12 6849:9 6965:9 6977:9 7107:6 7235:6 9119:1 9245:4 9372:5 9500:5 9627:6 9755:7 13079:2 13111:6 13207:2 13237:14 13335:4 13365:14 13495:12 13623:12 13753:12 13881:1 13883:10 14010:11 14139:10 14269:7 14397:8 14525:6 14653:6 14782:4 14911:2,"{""x"": 0.17969, ""y"": 0.13281, ""w"": 0.46875, ""h"": 0.78125}",0.3603
109,2655:2 2659:1 2779:14 2905:17 2959:2 3033:18 3087:2 3161:18 3215:2 3284:21 3343:2 3411:22 3539:23 3666:25 3793:26 3863:2 3921:26 3989:6 4049:28 4117:6 4176:27 4241:12 4303:30 4369:12 4430:31 4497:12 4558:31 4623:14 4685:32 4751:14 4812:33 4879:14 4940:33 5006:13 5067:34 5134:13 5195:34 5259:15 5323:32 5387:15 5451:32 5515:14 5578:33 5642:13 5656:1 5706:33 5772:7 5834:31 5899:8 5962:32 6030:3 6091:22 6119:2 6159:2 6218:23 6247:2 6263:2 6348:6 6361:8 6371:6 6477:4 6489:8 6499:6 6607:2 6620:3 6625:8 6735:2 6749:3 6753:8 6881:8 7009:8 7139:1 7267:2 7270:2 7524:1 7780:1 9634:3 9761:8 9889:10 9900:1 10015:16 10143:1 10145:17 10271:19 10399:22 10527:23 10655:24 10783:24 10911:1 10913:22 11039:26 11169:24 11297:24 11425:22 11553:22 11681:22 11809:22 11937:18 12065:18 12194:13 12322:12 12453:4 12582:2,"{""x"": 0.07812, ""y"": 0.15625, ""w"": 0.86719, ""h"": 0.61719}",0.3699
115,1451:6 1579:6 1705:8 1833:8 1961:9 2089:9 2217:10 2345:10 2473:13 2601:14 2727:22 2759:2 2853:26 2885:4 2981:42 3108:43 3238:45 3366:45 3495:46 3623:47 3753:45 3881:45 4013:41 4141:41 4267:43 4395:43 4522:43 4650:43 4779:36 4908:35 5039:24 5167:24 5297:22 5425:22 5554:21 5682:21 5811:20 5833:4 5939:20 5964:1 6070:16 6092:1 6198:17 6219:3 6323:21 6345:6 6451:28 6579:28 6706:29 6834:29 6962:28 7091:23 7116:1 7218:25 7244:1 7347:22 7475:22 7605:20 7733:6 7741:12 7863:2 7870:9 7991:2 7999:8 12564:1 12690:7 12817:8 12943:14 13070:17 13197:18 13324:21 13459:10 13589:6,"{""x"": 0.09375, ""y"": 0.08594, ""w"": 0.57812, ""h"": 0.75}",0.3812
116,1711:1 1839:4 1844:1 1965:8 2093:8 2221:12 2347:14 2475:15 2603:15 2730:19 2857:21 2985:22 3113:22 3242:25 3370:25 3499:26 3627:28 3757:27 3887:25 4018:23 4146:23 4273:26 4401:26 4529:30 4567:2 4657:30 4695:2 4785:24 4913:22 5042:7 5171:6 5303:2 5308:1 5431:7 5444:1 5559:14 5687:15 5815:16 5943:16 5969:3 6071:31 6199:31 6327:23 6455:22 6585:20 6711:22 6841:20 6967:22 7097:21 7225:22 7347:26 7474:27 7601:28 7729:28 7857:28 7985:28 8113:26 8241:26 8372:13 8387:2 8509:2 12554:6 12681:16 12711:3 12809:16 12839:2 12937:16 13065:16 13193:14 13321:14,"{""x"": 0.07031, ""y"": 0.10156, ""w"": 0.625, ""h"": 0.71875}",0.3367
128,2895:2 3023:4 3028:1 3151:4 3156:1 3275:11 3402:13 3529:14 3657:16 3773:1 3775:1 3777:24 3899:30 4025:32 4149:1 4153:32 4273:42 4401:44 4527:46 4655:47 4787:42 4915:42 5049:34 5084:1 5177:34 5305:30 5433:30 5561:22 5585:4 5689:22 5715:2 5809:4 5817:20 5937:5 5945:16 6065:6 6073:14 6191:24 6320:25 6448:25 6577:24 6705:25 6836:21 6967:18 7095:14 7223:16 7355:1 7487:1,"{""x"": 0.36719, ""y"": 0.17188, ""w"": 0.36719, ""h"": 0.28906}",0.3088
133,4071:2 4199:2 4407:2 4535:2 4663:2 4765:4 4791:2 4893:4 4919:2 5015:12 5047:1 5143:12 5175:1 5273:12 5290:3 5300:1 5401:2 5404:9 5417:5 5428:1 5529:14 5545:6 5556:1 5657:14 5673:6 5684:1 5788:19 5917:18 6049:16 6177:16 6307:18 6433:21 6561:23 6690:23 6819:22 6947:22 7076:19 7204:19 7329:22 7457:22 7582:24 7709:26 7836:25 7963:24 7988:1 8091:20 8219:21 8351:2 10715:2 10718:1 10843:6 10970:9 11097:10 11225:10 11353:10 11481:10 11492:1 11609:12 11737:12 11865:13 11993:14 12121:14 12249:14 12377:14 12505:14 12633:14 12761:14 12889:14 13017:14 13146:13 13278:7 13406:7,"{""x"": 0.17969, ""y"": 0.24219, ""w"": 0.64062, ""h"": 0.57812}",0.2871
136,1459:2 1585:7 1711:10 1839:10 1965:14 2094:12 2223:12 2236:1 2351:14 2481:12 2607:14 2735:16 2862:17 2989:20 3116:22 3245:25 3373:26 3502:27 3630:27 3761:24 3889:24 4018:21 4146:21 4273:22 4399:24 4526:25 4556:1 4558:1 4564:3 4652:27 4683:1 4685:2 4782:23 4910:18 4929:2 5041:10 5169:10 5299:11 5427:12 5556:14 5684:17 5813:16 5941:18 6069:19 6092:1 6094:1 6197:19 6220:1 6222:1 6323:28 6450:29 6578:28 6705:29 6833:29 6961:29 7089:28 7217:29 7346:27 7474:27 7603:26 7731:26 7859:24 7987:24 8114:21 8242:21 8373:16 8503:9,"{""x"": 0.34375, ""y"": 0.08594, ""w"": 0.33594, ""h"": 0.4375}",0.3368
138,1941:5 2069:5 2191:12 2318:13 2445:15 2572:17 2700:15 2827:20 2955:22 3083:22 3215:12 3228:1 3343:1 3345:10 3399:4 3479:2 3527:4 3532:1 3607:2 3655:6 3735:2 3783:1 3785:4 3863:1 3916:1 4311:4 4435:10 4563:10 4690:12 4799:4 4818:12 4923:1 4927:5 4945:13 5050:13 5065:6 5073:14 5177:14 5193:6 5201:14 5329:13 5399:1 5457:13 5527:2 5585:12 5655:2 5713:12 5841:13 5969:13 6099:12 6227:11 6359:2 6362:4 6491:3 6496:1 6619:6 6747:6 6876:5 7006:3 7133:5 7262:3 7390:5 7518:5 7646:5 7774:5 7903:4 8031:2 11068:5 11081:2 11086:3 11193:29 11321:28 11451:27 11579:27 11719:14 11847:15 11977:16 12105:16 12235:16 12363:18 12491:18 12620:17 12749:16 12877:16 13009:12 13137:12 13265:12 13393:12 13524:5 13655:2,"{""x"": 0.08594, ""y"": 0.11719, ""w"": 0.6875, ""h"": 0.71875}",0.2878
141,1679:1 1802:7 1927:11 2055:11 2391:2 2517:5 2643:8 2766:2 2769:12 2893:16 3020:17 3148:17 3274:21 3401:22 3529:22 3657:22 3785:22 3913:24 4041:24 4169:24 4299:23 4427:24 4559:19 4687:20 4815:20 4943:20 5071:20 5199:20 5329:18 5457:18 5585:18 5713:19 5841:18 5970:17 6101:14 6229:14 6359:12 6487:12 6621:8 6749:8 6877:8 7005:8 7134:7 7262:7 7391:4 7396:1 7519:4 7647:4 7775:4 10830:3 10955:6 11046:2 11083:6 11172:7 11212:5 11299:8 11308:1 11343:2 11428:5 11556:5 11686:3 11814:3 11985:6 12111:10 12233:22 12361:22 12489:22 12617:22 12745:22 12873:22 13003:22 13134:19 13265:16 13393:16 13524:7 13655:2,"{""x"": 0.05469, ""y"": 0.10156, ""w"": 0.73438, ""h"": 0.73438}",0.3135
142,1852:5 1975:10 2103:1 2105:8 2745:1 2873:6 2999:10 3126:12 3252:13 3380:7 3389:2 7389:16 7513:20 7638:25 7763:27 7889:29 8015:31 8142:31 8269:33 8397:33 8525:33 8653:33 8781:33 8909:33 9037:32 9165:32 9293:32 9421:32 9549:1 9551:30 9676:33 9806:29 9836:1 9935:28 10063:1 10065:24 10194:20 10321:21 10449:21 10577:21 10705:21 10833:21 10963:18 11092:15 12618:1 12741:10 12869:10 12995:15 13122:17 13249:19 13377:20 13507:12 13635:12 13765:9 13893:9 14021:9 14149:8 14277:8 14403:10 14534:5 14663:3 14791:2,"{""x"": 0.40625, ""y"": 0.10938, ""w"": 0.46094, ""h"": 0.79688}",0.3387
144,1974:13 2103:11 5007:4 5012:1 5135:4 7318:5 7445:9 7571:16 7639:1 7699:18 7827:19 7954:21 8083:22 8210:23 8339:24 8466:27 8594:27 8722:27 8851:26 8979:26 9107:26 9235:26 9363:26 9491:26 9619:26 9748:25 9879:20 10007:19 10278:1 10527:1 10532:1 10534:3 10652:1 10654:11 10780:7 10788:5 11562:1 11564:1 11575:1 11683:2 11689:4 11697:8 11812:1 11817:4 11825:9 11945:18 12073:18 12201:20 12329:20 12457:21 12585:21 12713:22 12841:22 12969:24 13097:24 13227:24 13354:25 13484:1 13486:17 13615:15 13745:12 13873:10 14001:12 14129:12 14258:13 14272:1 14386:16 14515:14 14643:14 14773:9 14901:6 14908:1,"{""x"": 0.11719, ""y"": 0.11719, ""w"": 0.57031, ""h"": 0.79688}",0.3202
147,6111:7 6239:7 6367:8 6495:8 6623:8 6751:10 6880:9 7007:10 7137:9 7265:9 7393:14 7521:16 7649:17 7777:18 7905:18 8033:18 8161:20 8289:20 8418:19 8547:18 8678:15 8806:15 8935:14 9063:14 9193:12 9322:11 9446:15 9573:16 9701:14 9829:14 9953:2 9959:4 9965:6 10079:4 10087:2 10093:6 10207:4 10335:4 10463:6 10590:7 10718:9 10845:10 10973:10 11100:11 11227:11 11354:12 11482:12 11567:1 11610:12 11694:3 11737:13 11821:4 11865:14 11949:5 11993:12 12077:4 12122:11 12205:4 12251:8 12333:4 12379:8 12455:1 12457:10 12506:9 12516:1 12583:12 12633:10 12644:1 12709:16 12761:10 12836:17 12879:4 12889:11 12963:18 13003:24 13091:19 13129:26 13156:1 13219:22 13255:1 13257:26 13347:22 13383:28 13479:12 13513:26 13607:12 13641:26 13738:7 13769:24 13867:6 13897:24 13993:8 14023:27 14121:8 14151:27 14250:7 14289:2 14298:8 14377:9 14407:4 14412:1 14417:2 14420:1 14422:12 14507:6 14555:6 14636:1 14638:3 14687:2 14767:2 14815:1,"{""x"": 0.27344, ""y"": 0.36719, ""w"": 0.64062, ""h"": 0.53906}",0.331
155,2927:1 3055:2 3183:2 3229:14 3353:20 3479:23 3607:23 3733:25 3861:25 3987:27 4116:25 4243:26 4371:26 4423:2 4500:25 4551:2 4627:26 4679:2 4755:26 4883:26 5009:28 5095:2 5137:28 5223:2 5266:29 5351:2 5394:29 5479:2 5523:28 5607:2 5652:27 5735:2 5781:28 5863:2 5909:28 5991:2 6045:20 6167:1 6173:20 6301:21 6429:21 6557:21 6685:22 6813:21 6941:21 7068:21 7195:23 7329:16 7457:14 7585:14 7713:14 7845:6 9929:9 10057:12 10183:20 10311:20 10439:24 10565:26 10693:26 10823:24 10953:22 11081:22 11209:22 11337:22 11467:20 11595:20 11725:18 11853:20 11983:18 12111:18 12241:16 12369:16 12499:14 12628:13 12757:12 12885:12 13013:12 13142:11 13271:12 13399:12 13535:2,"{""x"": 0.13281, ""y"": 0.17188, ""w"": 0.75, ""h"": 0.65625}",0.3627
160,1681:1 1806:7 1931:13 2059:13 2191:1 2627:2 2635:6 2756:2 2761:10 2776:1 2883:2 2887:19 3017:20 3145:18 3164:1 3271:1 3273:20 3399:22 3527:22 3647:4 3654:24 3774:5 3781:25 3903:4 3909:25 4031:1 4033:29 4159:31 4297:21 4426:20 4555:18 4683:18 4811:18 4939:18 5069:13 5196:14 5327:8 5336:1 5455:2 5459:3 5588:1 5716:1 6743:1 7647:4 7775:4 7780:1 7902:5 7908:1 8031:4 8036:1 8159:6 8287:4 8292:1 8415:4 8543:4 8671:3 8799:1 8801:1 9191:2 9320:1 9655:2 9783:2 9831:1 9908:6 10035:8 10161:17 10289:17 10420:7 10428:2 10431:2 10549:4 10560:1 12747:5 12875:5,"{""x"": 0.08594, ""y"": 0.10156, ""w"": 0.73438, ""h"": 0.6875}",0.2659
164,4136:1 4259:6 4269:2 4385:9 4397:4 4513:17 4641:17 4768:11 4780:5 4895:12 4909:4 5023:11 5037:4 5151:11 5165:4 5402:1 5523:2 5527:3 5651:8 5780:5 5908:5 6038:3 6166:3 6290:7 6418:7 6545:8 6673:8 6801:9 6929:9 7057:10 7185:10 7313:13 7441:13 7569:14 7697:14 7825:14 7953:14 8081:13 8209:13 8337:14 8465:14 8593:16 8721:16 8849:17 8977:18 9105:22 9233:22 9361:28 9489:30 9615:1 9617:32 9743:34 9871:35 9999:36 10129:34 10257:34 10386:33 10515:32 10643:32 10772:31 10903:28 11031:1 11033:25 11171:12 11299:12 11429:10 11557:10 11687:6 11814:8 11943:6 12071:4 12076:1 13351:2 13479:2 13607:2 13735:3 13863:2 13991:2 14120:1,"{""x"": 0.11719, ""y"": 0.25, ""w"": 0.28125, ""h"": 0.61719}",0.3366
165,2927:2 3051:7 3180:1 3182:4 3311:3 3366:7 3439:4 3479:6 3491:10 3567:6 3607:8 3617:12 3689:2 3693:8 3735:20 3814:15 3862:23 3941:16 3989:22 4070:1 4076:9 4117:22 4198:15 4247:20 4323:1 4325:16 4376:19 4451:18 4503:20 4551:2 4581:14 4631:20 4679:2 4707:1 4709:14 4759:20 4839:10 4887:20 4968:9 5015:20 5095:3 5100:1 5143:20 5223:4 5228:1 5263:30 5391:30 5518:31 5644:34 5771:35 5899:35 6027:35 6155:35 6287:1 6289:2 6292:1 6297:2 6300:18 6415:1 6425:2 6429:18 6554:1 6556:19 6681:2 6685:1 6687:16 6810:1 6813:17 6941:17 7067:19 7195:19 7223:1 7326:3 9164:1 9419:2 9547:1 9655:2 9783:2 9911:3 10039:4 10061:8 10166:5 10187:12 10293:8 10315:12 10422:5 10442:15 10465:5 10550:5 10571:16 10588:1 10590:9 10678:4 10698:29 10807:3 10826:29 10954:29 11081:30 11209:26 11337:26 11467:24 11595:24 11725:20 11853:21 11983:18 12111:18 12242:13 12370:13 12501:8 12630:7 12759:4 12887:3,"{""x"": 0.08594, ""y"": 0.17188, ""w"": 0.82812, ""h"": 0.61719}",0.3513
166,1475:2 1599:10 1724:13 1850:16 1977:18 2105:18 2233:18 2361:20 2489:20 2617:20 2745:20 2873:20 2919:1 3001:18 3129:18 3244:31 3371:32 3498:33 3625:34 3753:33 3881:32 4009:21 4137:21 4266:13 4281:4 4394:11 4410:1 4412:1 4522:9 4650:9 4779:7 4907:8 5035:7 5163:7 5296:1 6309:4 6436:5 6563:8 6691:8 6818:9 6946:9 7074:8 7202:8 10164:1 10289:4 10417:4 10545:5 10673:4 10801:4 10929:2 10932:1 11057:2 11697:2 11825:2 11948:2 11951:4 11956:1 12071:1 12075:10 12191:23 12319:24 12452:19 12581:18 12711:16 12839:15 12967:14 13095:14,"{""x"": 0.24219, ""y"": 0.08594, ""w"": 0.57031, ""h"": 0.71875}",0.2897
183,2839:1 2966:3 3094:3 4119:2 5727:4 5735:2 5855:2 5983:4 8039:1 8166:3 8294:3 8417:12 8545:13 8673:14 8801:14 8929:14 9057:14 9187:12 9314:13 9439:16 9563:20 9689:22 9817:24 9943:26 10071:26 10199:26 10327:26 10454:24 10582:23 10710:19 10838:19 10966:17 11094:16 11222:13 11350:13 11478:15 11605:16 11733:16 11861:16 11989:16 12117:16 12247:3 12251:3 12374:4 12379:3 12383:1 12502:4 12629:8 12757:8 12885:8 12903:2 13007:1 13009:12 13031:2 13134:17 13159:3 13257:22 13287:1 13385:22 13515:20 13645:18 13775:15 13903:1 13905:12 14033:12 14162:9,"{""x"": 0.17188, ""y"": 0.17188, ""w"": 0.71094, ""h"": 0.69531}",0.2972
194,1967:2 2095:2 2219:10 2346:11 2473:14 2601:14 2729:16 2852:1 2855:19 2977:26 3106:25 3236:1 3241:16 3364:1 3369:16 3497:17 3625:17 3753:16 3881:16 4009:16 4137:17 4268:10 4397:6 5607:2 5735:2 6423:2 6551:4 6678:5 6806:5 6888:1 6933:6 6940:1 7014:3 7061:6 7068:1 7129:16 7189:6 7196:1 7257:16 7316:7 7324:1 7387:14 7443:10 7515:15 7571:10 7645:14 7699:10 7773:13 7827:12 7901:13 7955:12 8029:12 8083:12 8157:6 8164:1 8166:3 8211:12 8285:6 8292:1 8294:3 8339:10 8415:2 8467:8 8476:1 8543:2 8595:8 8723:8 8851:8 8979:8 9109:4 9238:3 9363:6 9490:7 9617:9 9745:9 9873:9 10001:9 10129:9 10257:9 10386:9 10514:9 10643:8 10771:8 10900:1 10903:2 11031:1 12617:3 12743:1 12745:4 12871:6 12999:7 13126:9 13253:10 13381:10 13511:6 13639:6 14407:2,"{""x"": 0.13281, ""y"": 0.11719, ""w"": 0.70312, ""h"": 0.76562}",0.2839
202,2217:10 2339:19 2466:21 2594:23 2721:26 2849:26 2977:28 3105:27 3233:30 3266:6 3361:30 3393:8 3489:30 3523:5 3617:30 3651:5 3745:29 3873:28 4001:26 4129:26 4257:22 4385:22 4513:20 4641:20 4769:18 4897:17 5025:13 5153:13 5281:12 5409:10 5535:12 5662:13 5789:12 5917:12 6044:13 6172:13 6301:12 6430:11 6564:1 10154:16 10282:17 10410:15 10538:15 10666:15 10794:15 10921:14 11050:13 11179:4 11303:12 11431:8 11556:1 11558:9 11682:13 11809:14 11935:16 12063:16 12187:1 12189:18 12315:1 12317:18 12445:18 12572:19 12701:18 12829:18 12957:18 13086:17 13215:14 13342:15 13473:5 13479:2,"{""x"": 0.21094, ""y"": 0.13281, ""w"": 0.35938, ""h"": 0.69531}",0.3416
203,1962:7 2091:6 2215:10 2340:13 2467:14 2594:15 2721:16 2847:18 2972:21 3100:21 3230:21 3252:1 3356:1 3358:23 3487:22 3614:24 3749:18 3879:17 4009:22 4137:22 4258:29 4385:31 4417:2 4511:1 4513:36 4639:36 4676:1 4769:30 4804:1 4897:30 4932:1 5025:28 5153:28 5283:28 5315:4 5411:28 5441:6 5543:25 5569:8 5671:34 5801:32 5931:31 6065:25 6192:26 6315:30 6443:30 6569:32 6697:32 6763:2 6825:30 6887:10 6953:30 7015:10 7090:1 7093:18 7143:11 7213:1 7218:21 7271:11 7353:12 7403:6 7481:10 7535:2 7611:4 7740:1 12271:2 12399:2 12527:1 12655:2 12694:3 12783:2 12821:4 12911:2 12948:5 13039:2 13074:7 13107:2 13167:2 13203:4 13230:11 13295:2 13331:5 13357:13 13421:4 13486:13 13615:12 13742:13 13870:13 13999:16 14016:1 14127:18 14255:20 14383:20 14513:17 14641:17 14771:14 14901:12,"{""x"": 0.14062, ""y"": 0.11719, ""w"": 0.75, ""h"": 0.79688}",0.3642
205,2015:1 2017:8 2145:8 2471:1 2599:2 2724:5 2851:7 2978:11 3106:11 3233:18 3361:18 3489:20 3617:20 3745:20 3873:20 4001:20 4129:20 4257:20 4385:20 4513:20 4641:21 4769:21 4897:21 5025:22 5153:22 5281:20 5409:20 5537:18 5665:18 5793:17 5921:16 6050:11 6119:1 6178:11 6247:2 6307:7 6435:6 6507:1 6563:2 6567:2 6635:6 6691:2 6763:6 6891:5 10927:2 10951:2 11053:6 11079:2 11178:13 11193:8 11205:4 11306:13 11321:8 11333:1 11335:3 11434:13 11450:5 11563:12 11578:5 11691:11 11708:1 11819:11 11836:1 11947:12 11963:3 12075:12 12089:5 12205:18 12333:18 12461:18 12589:18 12717:17 12845:17 12974:9 13103:8,"{""x"": 0.25781, ""y"": 0.11719, ""w"": 0.625, ""h"": 0.6875}",0.3102
210,7833:7 7912:1 7961:8 8039:2 8089:12 8165:4 8217:12 8289:3 8293:4 8345:13 8419:10 8473:14 8545:13 8599:16 8662:7 8673:14 8727:16 8790:8 8801:14 8855:19 8919:4 8924:1 8929:14 8983:19 9047:6 9054:1 9057:14 9113:18 9185:14 9241:18 9313:14 9369:18 9441:16 9497:18 9569:16 9625:18 9697:16 9753:18 9825:17 9881:18 9953:17 10009:18 10081:17 10140:13 10209:8 10218:8 10268:14 10329:3 10337:8 10346:8 10396:15 10457:25 10524:17 10585:26 10652:17 10713:25 10780:17 10841:25 10911:14 10975:4 10980:5 10989:4 11039:1 11041:14 11104:3 11110:1 11112:1 11119:2 11177:7 11305:7 11433:12 11561:14 11684:1 11689:16 11812:1 11815:1 11817:16 11940:1 11943:1 11945:16 12068:1 12071:18 12199:20 12327:20 12457:18 12585:18 12713:18 12841:18 12969:18 13097:18 13227:16 13354:17 13484:13 13614:11 13743:10 13871:1 13873:8 14001:8 14130:7 14261:4 14387:8 14518:3 14647:2,"{""x"": 0.17969, ""y"": 0.47656, ""w"": 0.71875, ""h"": 0.42188}",0.3312
213,1585:2 1588:1 1711:7 1836:12 1963:14 2091:14 2220:17 2347:20 2475:24 2603:24 2730:31 2858:35 2987:36 3115:36 3241:39 3369:40 3497:42 3625:42 3669:1 3753:38 3881:38 4009:29 4138:27 4267:27 4395:27 4428:1 4525:26 4555:6 4653:26 4683:6 4783:24 4809:9 4911:1 4913:23 4937:9 5046:3 5053:1 5057:18 5173:5 5181:2 5185:18 5298:32 5425:33 5554:31 5681:32 5812:27 5940:27 6069:6 6077:17 6197:6 6205:17 6326:21 6453:22 6579:22 6707:22 6835:21 6963:20 7091:12 7219:12 7349:6 7479:2 11159:2 11287:2,"{""x"": 0.17969, ""y"": 0.09375, ""w"": 0.49219, ""h"": 0.60156}",0.3397
214,5463:1 5591:1 5603:4 5716:1 5719:2 5730:6 5844:6 5857:6 5971:8 5985:8 6099:9 6110:9 6227:20 6359:5 6365:2 6368:5 6486:6 6493:2 6496:1 6500:1 6615:5 6621:4 6743:6 6750:3 6874:1 6879:1 7007:2 8165:12 8293:12 8422:13 8550:13 8679:14 8806:15 8935:14 9063:14 9195:11 9322:12 9445:16 9573:16 9698:19 9826:19 9953:18 10081:18 10210:1 10212:14 10338:16 10459:22 10586:23 10711:26 10839:26 10966:25 11094:25 11221:22 11349:22 11477:18 11605:18 11733:17 11861:17 11991:13 12119:12 12505:4 12512:1 12631:6 12640:1 12759:8 12887:8 13015:8 13141:10 13167:1 13265:13 13294:6 13393:13 13423:4 13523:2 13651:2 13655:1 13780:1 13908:1 13911:1 14037:4 14165:4 14295:2 14423:2,"{""x"": 0.63281, ""y"": 0.32812, ""w"": 0.28906, ""h"": 0.55469}",0.2857
217,4645:4 4771:8 4780:1 4898:11 5025:12 5153:12 5282:7 5409:8 5532:1 5535:1 5538:1 5658:9 5788:5 5914:6 6291:7 6419:8 6546:9 6674:9 6802:9 6929:10 7057:10 7185:10 7313:10 7441:10 7567:1 7569:10 7695:12 7823:1 7825:10 7951:12 8079:11 8207:12 8337:9 8465:8 8593:8 8721:8 8849:8 8975:10 9103:8 9231:8 9361:6 9490:7 9619:6 9748:7 9878:12 10006:13 10135:14 10263:15 10393:13 10521:13 10649:14 10777:14 10906:11 11035:8 11167:1 11215:2 11295:1 11343:4 11470:13 11597:14 11725:16 11853:16 11981:14 12109:14 12202:9 12239:8 12248:1 12330:9 12343:2 12366:9 12455:18 12495:10 12582:20 12623:11 12709:22 12751:11 12835:1 12837:22 12879:12 12962:25 13007:12 13091:24 13135:14 13217:26 13263:15 13345:28 13391:16 13471:1 13473:24 13521:13 13599:25 13650:11 13727:22 13779:10 13855:16 13907:10 13983:22 14034:9 14110:24 14162:9 14238:27 14289:8 14365:28 14415:11 14495:26 14549:1 14551:2 14623:26 14753:10 14765:2 14773:4 14883:7,"{""x"": 0.11719, ""y"": 0.28125, ""w"": 0.625, ""h"": 0.63281}",0.3328
219,1844:5 1969:12 2097:12 2225:10 2353:10 2409:1 2481:8 2537:5 2599:2 2609:9 2665:8 2724:6 2737:8 2793:8 2851:8 2865:8 2921:8 2979:8 2993:7 3052:5 3107:8 3121:7 3180:5 3233:24 3361:24 3489:24 3617:24 3745:24 3873:23 4001:22 4129:22 4257:20 4385:20 4513:18 4641:18 4769:18 4897:18 5025:18 5153:18 5281:17 5409:16 5537:16 5665:15 5793:14 5921:14 6049:12 6177:12 6303:14 6430:15 6557:15 6685:15 6813:14 6941:14 7069:12 7197:12 7325:12 7453:10 7583:3 7711:3 8175:2 8303:2 11067:2 11183:1 11185:2 11188:12 11311:4 11316:11 11439:4 11447:6 11567:3 11577:4 11695:2 11708:1 11823:2 11951:3 12079:3 12207:2 12335:2 12463:4 12591:4 12596:1 12718:8 12846:8 12974:8 13103:6 13231:4 13359:6,"{""x"": 0.22656, ""y"": 0.10938, ""w"": 0.65625, ""h"": 0.71094}",0.3132
220,1979:2 2107:2 2111:1 2236:1 2239:2 2364:1 2366:3 2466:7 2475:2 2492:5 2593:12 2620:5 2663:2 2721:12 2749:4 2787:8 2839:1 2841:22 2877:4 2914:10 2967:26 3005:4 3041:14 3095:26 3133:4 3169:14 3219:21 3241:8 3261:5 3297:16 3347:30 3389:6 3425:16 3474:21 3499:2 3517:8 3553:16 3601:22 3627:6 3645:8 3681:16 3729:22 3775:2 3809:16 3857:22 3903:2 3937:14 3952:1 3985:22 4063:16 4113:21 4191:16 4241:22 4321:14 4369:22 4449:14 4497:22 4579:12 4625:22 4707:12 4755:20 4837:10 4884:19 4965:10 5013:18 5033:4 5095:2 5141:18 5161:4 5223:2 5271:23 5399:24 5527:24 5655:24 5784:23 5913:22 6051:5 6059:3 6178:6 6187:4 6306:5 6313:8 6433:6 6441:9 6561:6 6569:9 6688:7 6697:10 6811:11 6825:9 6939:12 6953:9 7067:12 7082:7 7194:13 7210:7 9555:2 9683:2 9810:5 9938:8 10065:10 10191:14 10319:12 10449:12 10577:13 10705:14 10833:14 10963:12 11091:12 11104:1 11221:10 11349:10 11479:8 11608:5,"{""x"": 0.13281, ""y"": 0.11719, ""w"": 0.75, ""h"": 0.59375}",0.3349
223,1935:2 1938:7 2063:1 2067:6 2519:2 2647:4 2775:6 2900:11 2913:2 2917:3 2967:4 2972:1 3026:23 3095:6 3154:23 3218:12 3281:24 3345:13 3409:25 3471:15 3537:25 3599:15 3665:26 3727:14 3793:26 3855:14 3921:26 3982:15 4049:26 4110:15 4177:26 4237:16 4305:26 4365:16 4433:26 4491:18 4562:25 4619:18 4690:25 4747:16 4764:1 4819:24 4875:16 4947:24 5003:16 5075:24 5131:16 5203:24 5263:10 5331:23 5391:10 5459:22 5587:22 5716:13 5735:2 5845:10 5974:9 6104:2 6232:1 7015:2 7139:6 7267:6 7398:3 7527:2 9121:4 9249:4 9372:1 9377:10 9498:19 9625:20 9753:22 9883:23 10011:24 10145:18 10164:1 10273:20 10401:20 10529:21 10657:21 10785:22 10913:22 11041:22 11170:20 11298:21 11425:20 11553:18 11681:17 11809:17 11937:16 12065:12 12191:11 12319:11 12443:14 12569:16 12695:18 12823:17 12950:15 13077:14 13205:13 13333:14 13463:2 13471:1 13591:1,"{""x"": 0.08594, ""y"": 0.11719, ""w"": 0.75, ""h"": 0.71875}",0.3664
224,4631:2 4759:2 4762:1 4764:1 4767:10 4887:6 4894:11 5014:19 5143:18 5270:20 5396:22 5524:1 5526:21 5652:23 5780:23 5908:23 6036:1 6038:21 6164:1 6166:21 6291:26 6419:26 6547:26 6675:26 6803:26 6931:26 7059:24 7187:24 7314:21 7441:22 7569:17 7697:17 7825:16 7953:15 8079:16 8207:16 8332:19 8459:20 8587:20 8715:20 8843:20 8971:20 9099:20 9227:20 9356:23 9380:1 9484:29 9613:28 9741:28 9869:29 9998:29 10127:28 10255:28 10386:25 10515:26 10647:22 10774:23 10903:8 10913:10 11033:6 11041:10 11171:7 11299:6 11429:4 11557:4 11687:2 11815:2 11944:1 12377:1 12839:2 12966:11 13093:12 13219:18 13346:19 13473:18 13601:18 13729:17 13857:16 13985:16 14113:16 14241:16 14369:17 14502:9 14631:7 14759:2 14887:2,"{""x"": 0.08594, ""y"": 0.28125, ""w"": 0.61719, ""h"": 0.63281}",0.3606
226,1471:3 1597:7 1725:9 1850:15 1977:18 2105:18 2235:18 2363:18 2497:12 2625:13 2751:1 2753:13 2876:19 3004:19 3133:18 7318:4 7444:7 7571:8 7580:1 7699:10 7827:8 7836:1 7954:10 8037:4 8082:9 8158:13 8210:9 8286:15 8343:2 8409:18 8535:20 8655:1 8657:25 8783:1 8785:24 8913:25 9041:24 9169:24 9297:24 9425:24 9553:24 9681:24 9809:24 9938:21 10067:18 10198:5 10326:5 10455:2 10580:1 10582:3 10705:4 10833:5 10951:8 10961:5 11079:14 11205:16 11333:16 11455:22 11582:23 11706:27 11833:28 11959:31 12086:32 12212:34 12339:36 12467:1 12469:33 12599:32 12727:1 12729:29 12857:29 12985:28 13113:28 13241:24 13369:24 13498:21 13627:20 13757:18 13885:17 14015:14 14143:12,"{""x"": 0.14062, ""y"": 0.08594, ""w"": 0.71094, ""h"": 0.78125}",0.3483
230,2831:1 2959:2 2995:10 3015:2 3087:2 3122:11 3211:10 3247:12 3286:3 3339:12 3375:12 3412:9 3467:14 3503:10 3539:10 3595:14 3630:11 3667:11 3723:14 3759:8 3794:13 3809:1 3851:14 3887:8 3921:18 3981:14 4049:18 4068:1 4109:14 4177:18 4196:1 4237:13 4305:20 4365:12 4433:20 4493:10 4559:22 4621:11 4687:22 4749:6 4814:23 4877:4 4941:25 5067:26 5195:26 5321:26 5449:26 5574:23 5616:1 5700:25 5743:2 5826:27 5871:2 5953:28 5999:2 6081:26 6126:3 6209:26 6254:3 6337:14 6353:9 6383:2 6465:12 6481:9 6511:2 6595:7 6609:9 6724:5 6737:9 6866:7 6996:5 7127:2 7255:2 9369:7 9495:10 9622:12 9749:14 9877:17 10005:18 10132:22 10261:21 10389:21 10517:21 10645:21 10773:21 10901:21 11029:21 11157:20 11285:20 11413:19 11541:18 11669:16 11797:16 11925:13 12053:12 12181:6 12309:6 12439:2 12567:2,"{""x"": 0.08594, ""y"": 0.17188, ""w"": 0.79688, ""h"": 0.60156}",0.348
237,1855:6 1982:9 2110:9 2239:6 2367:6 2495:7 2623:7 2753:2 2756:1 3271:1 3273:12 3394:1 3396:17 3524:4 3529:12 3650:1 3652:18 3780:18 3908:19 4038:1 4041:14 4169:14 4293:2 4297:14 4421:18 4549:18 4677:18 4805:18 4933:18 4952:1 5059:22 5187:20 5208:1 5316:22 5444:23 5573:22 5701:22 5829:22 5958:21 6087:20 6214:21 6345:17 6473:17 6605:12 6733:13 6863:6 6991:4 6996:1 10535:2 10657:13 10786:13 10908:22 11035:26 11161:32 11239:1 11289:32 11417:31 11449:2 11493:8 11545:34 11618:11 11673:34 11745:13 11801:34 11873:14 11929:28 12002:12 12057:26 12130:13 12186:23 12261:8 12314:23 12390:7 12442:23 12570:23 12698:23 12826:22 12955:12 12969:1 12972:1 13004:1 13084:7 13127:7 13215:2 13249:18 13343:2 13377:18 13505:18 13633:17 13763:14 13892:12 14025:8 14153:8 14415:2,"{""x"": 0.19531, ""y"": 0.10938, ""w"": 0.67188, ""h"": 0.77344}",0.3476
242,3242:3 3260:1 3267:6 3369:6 3386:3 3395:7 3497:6 3514:3 3521:10 3620:1 3625:6 3641:4 3649:10 3739:20 3772:1 3777:10 3866:21 3905:11 3993:22 4033:12 4121:22 4161:12 4247:24 4289:9 4375:24 4417:9 4502:25 4545:8 4629:26 4673:8 4757:26 4804:5 4882:29 4934:2 5009:30 5137:30 5266:28 5394:28 5522:27 5650:28 5777:28 5905:29 6033:28 6161:29 6289:30 6323:7 6417:30 6451:8 6546:29 6577:13 6674:29 6705:13 6804:27 6833:12 6933:27 6961:12 7065:34 7193:34 7322:21 7345:8 7451:20 7474:7 7580:19 7708:19 7839:4 7844:9 7967:2 7978:2 9675:1 9679:8 9803:12 9818:1 9933:18 10061:18 10189:18 10319:16 10449:14 10577:14 10706:13 10834:13 10963:12 11091:12 11219:12 11347:12 11477:10 11606:9 11740:1 11868:1 11871:2 11999:2,"{""x"": 0.13281, ""y"": 0.19531, ""w"": 0.625, ""h"": 0.53906}",0.355
246,2867:1 2987:5 2993:6 3116:4 3121:6 3235:23 3362:25 3490:27 3617:28 3745:28 3873:28 4001:29 4129:28 4259:19 4387:18 4515:16 4643:16 4770:15 4898:15 5026:13 5071:2 5154:13 5198:3 5285:12 5413:12 5541:13 5669:1 5671:12 5797:14 5927:14 6055:14 6183:14 6311:1 6313:13 6441:14 6568:15 6697:14 6825:14 6952:15 7083:12 7211:12 7341:2 9623:2 9751:2 9797:2 9879:4 9923:6 10007:4 10050:8 10135:4 10178:10 10197:2 10201:6 10263:4 10268:1 10305:13 10325:1 10329:5 10391:2 10433:13 10449:16 10519:1 10561:12 10577:18 10689:10 10705:20 10817:9 10833:21 10949:1 10962:21 11090:21 11218:21 11346:21 11475:20 11603:20 11733:18 11752:1 11861:20 11990:19 12119:18 12249:16 12377:16 12505:16 12635:14 12764:13 12892:13 13021:12 13149:12 13281:8 13409:8,"{""x"": 0.17969, ""y"": 0.17188, ""w"": 0.64062, ""h"": 0.64844}",0.3219
247,6551:2 6676:1 6679:2 6804:5 6931:6 7059:6 7187:6 7313:9 7441:10 7569:10 7695:1 7697:10 7825:10 7951:1 7953:10 8081:10 8209:10 8337:10 8465:10 8593:9 8721:9 8847:1 8849:8 8975:10 9103:10 9231:10 9359:10 9486:11 9614:13 9743:12 9871:15 9999:16 10127:1 10129:16 10255:19 10386:15 10515:14 10643:1 10645:18 10773:17 11815:2 11943:4 12071:7 12201:9 12329:10 12455:14 12582:17 12710:17 12837:18 12962:25 13090:25 13137:2 13217:28 13265:10 13345:28 13393:10 13474:27 13602:27 13731:20 13754:1 13859:20 13986:21 14009:2 14115:19 14137:2 14161:8 14265:4 14285:13 14375:4 14380:1 14391:6 14413:14 14519:6 14541:12 14649:4 14670:11 14777:4 14799:6,"{""x"": 0.10938, ""y"": 0.39844, ""w"": 0.60156, ""h"": 0.50781}",0.2929
249,2759:1 2887:2 3014:3 3055:2 3142:3 3183:2 3269:6 3311:2 3363:2 3379:2 3395:1 3397:6 3439:2 3483:16 3507:2 3523:1 3525:8 3567:2 3610:17 3628:1 3635:2 3639:2 3651:10 3695:2 3738:19 3764:1 3779:11 3865:22 3891:2 3895:1 3907:11 3993:22 4019:2 4035:10 4121:22 4163:10 4250:31 4290:12 4378:32 4419:12 4505:33 4547:14 4633:34 4675:14 4761:34 4804:11 4816:1 4889:34 4933:12 5017:34 5062:9 5145:34 5189:10 5200:1 5271:38 5319:2 5398:39 5447:2 5526:39 5653:40 5781:41 5909:41 6037:41 6165:41 6295:9 6305:30 6423:8 6432:31 6553:4 6565:26 6679:1 6681:4 6693:26 6809:2 6817:29 6945:29 7074:25 7199:1 7201:26 7329:24 7457:24 7585:22 7713:4 7719:16 7860:1 10463:4 10591:4 10596:1 10719:6 10847:6 10975:6 11103:6 11231:4 11359:4 11488:1,"{""x"": 0.16406, ""y"": 0.16406, ""w"": 0.71875, ""h"": 0.53906}",0.3517
252,2347:10 2474:11 2601:13 2729:13 2855:16 2981:18 3110:17 3235:19 3363:18 3491:18 3618:17 3745:17 3786:3 3873:17 3913:5 4001:16 4042:4 4129:16 4170:3 4258:13 4298:7 4386:15 4425:8 4505:4 4513:1 4515:12 4554:7 4633:5 4641:1 4643:12 4681:8 4759:8 4772:11 4784:1 4809:6 4887:8 4900:13 4937:8 5014:10 5030:11 5065:6 5141:12 5158:9 5193:8 5271:8 5287:12 5399:7 5415:14 5527:4 5543:14 5655:4 5671:14 5799:15 5929:13 6059:12 6188:1 6190:9 6321:6 6449:6 6578:5 6706:5 6836:1 6964:1 9429:8 9555:12 9675:1 9681:16 9803:1 9809:20 9938:20 10066:21 10194:21 10322:21 10451:20 10580:19 10709:18 10837:18 10966:17 11094:17 11223:1 11225:14 11351:1 11353:14 11483:14 11613:12 11743:10 11870:11 11998:11 12127:10 12255:11 12383:11 12513:2 12516:5 12645:4 12775:2 12903:2,"{""x"": 0.16406, ""y"": 0.14062, ""w"": 0.66406, ""h"": 0.64844}",0.3089
254,2233:6 2359:10 2485:17 2613:18 2739:21 2866:24 2995:24 3123:24 3175:1 3249:28 3304:2 3377:28 3431:6 3505:28 3548:1 3559:6 3633:28 3687:7 3761:28 3816:5 3889:28 3944:5 4017:28 4145:27 4273:26 4401:26 4529:6 4537:17 4657:26 4785:4 4793:16 4913:2 4916:1 4921:16 5039:2 5049:14 5167:2 5177:14 5309:6 5439:1 6439:2 6563:6 6691:6 6819:6 6946:8 7073:9 7201:9 7331:6 7459:6 8551:2 8679:6 8807:6 8934:9 9061:12 9188:15 9316:17 9444:15 9572:16 9699:18 9827:18 9953:18 9972:1 10081:18 10206:21 10333:22 10463:20 10591:20 10721:16 10849:16 10981:6 10988:1 11111:2,"{""x"": 0.25781, ""y"": 0.13281, ""w"": 0.65625, ""h"": 0.54688}",0.3143
257,1862:7 1985:18 2113:17 2235:5 2241:14 2279:2 2362:21 2407:3 2489:20 2534:5 2617:20 2661:6 2745:18 2789:8 2867:1 2873:19 2915:10 2983:2 2988:1 2993:6 3001:19 3041:13 3111:1 3121:6 3129:19 3169:13 3251:2 3257:16 3295:1 3297:13 3379:2 3385:16 3423:16 3513:14 3551:16 3641:14 3679:16 3770:13 3809:13 3898:12 3937:13 4029:6 4067:11 4157:6 4195:11 4285:6 4292:1 4321:12 4414:7 4449:13 4511:4 4543:6 4577:12 4638:7 4671:4 4676:1 4703:15 4765:8 4798:5 4830:16 4892:9 4926:5 4957:17 5019:11 5055:2 5075:1 5085:17 5147:11 5180:1 5182:5 5214:16 5271:1 5273:14 5345:13 5399:16 5440:1 5474:13 5524:21 5603:12 5651:22 5731:12 5777:25 5859:12 5903:1 5905:26 5988:11 6030:29 6117:10 6158:29 6245:10 6286:31 6375:4 6412:33 6503:2 6540:15 6556:4 6563:10 6668:15 6684:4 6691:10 6796:12 6821:8 6924:9 6949:8 7052:7 7078:7 7180:7 7206:7 10835:2 10840:5 10961:13 11087:16 11215:16 11343:16 11473:14 11601:14 11731:11 11859:11 11991:4 12119:2,"{""x"": 0.09375, ""y"": 0.10938, ""w"": 0.77344, ""h"": 0.63281}",0.3399
263,5479:2 5595:6 5607:2 5723:6 5735:2 5852:14 5980:14 6109:14 6237:13 6366:13 6495:14 6625:12 6753:12 6881:12 7009:12 7139:10 7266:11 7393:14 7519:16 7647:18 7775:20 7903:19 8031:20 8159:20 8287:20 8415:18 8543:18 8671:18 8799:18 8927:1 8929:16 9055:1 9057:16 9185:16 9311:1 9313:16 9438:21 9565:24 9693:24 9820:25 9947:26 10075:26 10203:27 10331:27 10407:1 10457:28 10535:1 10583:30 10663:1 10711:30 10791:2 10839:30 10967:16 10985:9 11095:16 11115:6 11223:14 11351:14 11479:12 11607:12 11735:10 11863:10 11886:1 11943:1 11945:2 11991:6 12071:6 12119:4 12199:1 12201:4 12327:1 12329:4 12759:3 12887:4 13015:6 13095:1 13143:6 13223:2 13271:6 13351:2 13399:6 13527:6 13655:6 13783:6 13911:4 14039:1 14041:4 14167:6 14295:6 14399:2 14423:6,"{""x"": 0.30469, ""y"": 0.32812, ""w"": 0.61719, ""h"": 0.55469}",0.3222
266,2711:2 2723:2 2836:5 2850:4 2962:9 2977:10 3090:9 3105:10 3219:7 3234:4 3347:6 3363:2 3476:5 3604:5 3735:2 3749:1 3753:2 3863:1 3875:9 4004:7 4129:11 4252:1 4254:33 4378:1 4380:1 4382:33 4505:42 4551:3 4631:1 4633:50 4762:1 4764:1 4767:1 4769:30 4807:4 4890:1 4895:32 4935:4 5037:2 5042:13 5170:13 6840:1 6968:1 9063:2 9191:2 9319:2 11758:3 11885:4 12015:2 12142:3 12911:2 14279:2 14407:2 14535:2 14663:1,"{""x"": 0.14062, ""y"": 0.16406, ""w"": 0.74219, ""h"": 0.73438}",0.2409
273,2607:1 2735:1 2740:1 2863:8 2978:1 2985:13 3113:13 3242:9 3371:8 3499:6 3615:1 3627:6 4887:2 5271:2 5398:3 5526:3 5653:5 5781:6 5908:7 6036:7 6165:6 6172:1 6291:10 6419:12 6547:14 6675:14 6803:14 6930:15 7059:14 7187:14 7314:15 7442:15 7570:15 7698:15 7826:13 7954:13 8082:11 8210:11 8338:11 8466:11 8594:11 8722:11 8851:10 8979:10 9107:8 9116:2 9236:7 9244:3 9363:12 9491:13 9619:14 9747:14 9875:14 10003:12 10131:12 10259:12 10387:13 10515:14 10646:13 10660:5 10775:18 10903:18 11033:16 11161:6 11171:6 11289:7 11297:8 11415:1 11417:7 11428:5 11543:9 11554:1 11556:5 11669:11 11684:5 11797:13 11812:5 11925:10 12053:10 12181:7 12309:8 12434:13 12561:15 12689:16 12817:16 12945:16 13071:19 13135:2 13199:20 13259:8 13268:1 13327:20 13386:11 13463:1 13465:8 13519:2 13593:8,"{""x"": 0.11719, ""y"": 0.15625, ""w"": 0.54688, ""h"": 0.67969}",0.2969
275,2780:1 2905:6 2999:6 3023:26 3127:6 3152:5 3159:18 3213:14 3257:4 3278:27 3339:18 3385:4 3405:28 3466:19 3515:2 3533:29 3593:20 3643:1 3661:30 3721:20 3789:30 3849:20 3917:30 3977:21 4045:30 4105:21 4173:30 4233:20 4301:32 4361:20 4428:33 4489:20 4555:34 4617:20 4684:33 4743:22 4811:34 4871:20 4939:35 4999:18 5067:34 5127:18 5195:35 5255:12 5323:34 5383:12 5451:34 5511:10 5578:35 5639:10 5706:33 5740:1 5767:6 5835:32 5895:5 5963:32 6023:4 6091:31 6151:4 6219:30 6279:2 6348:30 6407:2 6477:28 6535:2 6605:28 6663:2 6734:27 6863:26 6991:2 6998:18 10661:10 10789:10 10916:11 11044:11 11172:10 11300:11 11427:9 11555:8 11683:7 11810:7 11939:6 12067:6 12198:2 12325:4,"{""x"": 0.05469, ""y"": 0.16406, ""w"": 0.80469, ""h"": 0.59375}",0.3757
277,3359:6 3482:13 3609:14 3734:24 3861:26 3987:28 4115:28 4242:29 4370:29 4497:30 4625:30 4715:6 4753:30 4844:5 4881:30 4971:6 5009:30 5095:10 5137:30 5223:10 5265:32 5393:32 5521:33 5647:1 5649:34 5777:34 5905:2 5908:31 6037:30 6165:30 6293:32 6422:32 6551:32 6679:32 6806:32 6934:32 7062:32 7190:32 7319:30 7447:28 7575:16 7593:9 7703:16 7721:8 7841:2 7844:1 7970:1 10586:7 10595:2 10705:5 10714:7 10722:4 10833:6 10841:13 10959:16 11087:16 11215:16 11343:16 11471:16 11599:17 11726:19 11853:20 11981:20 12107:22 12235:22 12363:22 12493:19 12621:20 12749:19 12878:19 13013:11 13143:9,"{""x"": 0.11719, ""y"": 0.20312, ""w"": 0.76562, ""h"": 0.60156}",0.3603
279,1603:3 1727:10 1853:12 1977:17 2105:17 2234:16 2361:18 2490:17 2543:2 2618:17 2671:6 2745:18 2791:2 2797:8 2873:18 2915:18 3001:18 3038:23 3129:18 3166:23 3247:28 3295:14 3373:30 3423:13 3499:32 3551:1 3555:6 3627:32 3679:1 3687:2 3754:33 3815:2 3881:32 4009:29 4137:28 4193:2 4265:22 4393:22 4521:20 4649:20 4777:18 4796:1 4905:18 5033:18 5161:18 5289:14 5418:9 5428:1 5547:7 5675:6 5804:5 5932:5 6447:1 6703:2 9495:2 9621:5 9747:8 9873:10 9999:12 10126:13 10254:13 10385:8 10513:8 10641:1 10643:6 10772:5 10903:2 10935:1 11063:2 11187:10 11315:10 11444:9 11572:1 11575:6 11703:1 11955:10 12083:10 12207:18 12335:18 12463:19 12591:19 12719:20 12847:18 12975:14 13103:8 13232:1 13360:1,"{""x"": 0.10938, ""y"": 0.09375, ""w"": 0.80469, ""h"": 0.72656}",0.3263
282,1729:6 1855:10 1975:20 1996:1 2105:18 2233:14 2361:14 2489:12 2618:12 2754:4 2881:8 3009:10 3020:3 3137:10 3211:2 3339:2 3467:2 3594:3 3721:6 3849:7 3977:12 4105:12 4233:14 4361:15 4489:17 4617:17 4745:17 4873:18 5001:18 5129:18 5148:1 5257:15 5273:2 5385:14 5401:2 5404:1 5514:11 5530:3 5642:11 5659:2 5772:7 5902:3 7959:2 8086:10 8097:2 8214:13 8339:18 8467:19 8595:19 8723:19 8807:2 8851:20 8935:2 8979:20 9063:2 9108:21 9191:2 9236:21 9320:1 9365:20 9493:20 9576:1 9622:18 9751:18 9831:2 9879:1 9881:14 10009:14 10088:1 10145:5 10271:8 10399:1 10401:4 10527:8 10599:2 10602:3 10655:1 10657:4 10726:9 10783:1 10785:4 10850:13 10977:14 11105:16 11233:16 11361:16 11489:16 11617:16 11745:16 11873:16 12001:16 12129:16 12257:8 12271:2 12385:9 12399:2 12466:3 12518:13 12590:2 12593:6 12647:12 12716:11 12775:14 12844:13 12903:14 12972:13 13035:10 13100:13 13165:8 13226:17 13295:6 13354:17 13423:6 13489:1 13492:1,"{""x"": 0.07031, ""y"": 0.10156, ""w"": 0.84375, ""h"": 0.72656}",0.3183
288,1871:2 1996:6 2124:6 2251:8 2379:10 2507:10 2635:10 2759:1 2761:13 2882:1 2886:17 3009:22 3137:22 3259:28 3385:30 3511:1 3513:30 3639:32 3767:32 3895:31 4021:32 4147:34 4275:35 4403:35 4531:34 4659:34 4788:31 4917:30 5047:23 5175:22 5302:23 5430:23 5556:23 5580:1 5683:24 5708:1 5811:24 5939:24 6067:24 6195:24 6323:23 6451:23 6579:22 6707:22 6740:1 6836:21 6964:21 7093:18 7221:18 7240:1 7351:12 7479:10 7609:4 7737:4 12879:2 12999:10 13125:12 13250:15 13378:15 13511:4 13639:2 14020:5 14147:7 14274:12 14401:15 14531:8 14540:1 14660:7 14789:6 14919:2,"{""x"": 0.39844, ""y"": 0.10938, ""w"": 0.28125, ""h"": 0.80469}",0.3411
294,1460:9 1587:10 1713:14 1839:18 1964:22 2093:20 2225:14 2354:13 2485:4 2611:8 2739:7 2867:7 2884:1 2993:9 3010:3 3121:10 3137:4 6295:2 6423:2 6551:2 6627:6 6676:1 6678:3 6755:6 6804:6 6881:9 6931:7 7009:10 7059:8 7133:14 7187:8 7261:14 7315:10 7387:18 7443:11 7513:20 7571:12 7641:20 7699:12 7769:20 7827:12 7897:20 7955:12 8025:20 8083:12 8151:22 8211:12 8279:22 8338:13 8409:20 8466:13 8537:20 8595:12 8665:18 8722:13 8793:18 8851:12 8923:15 8979:12 9052:13 9108:9 9183:2 9236:9 9311:2 9362:15 9439:2 9489:17 9567:2 9617:18 9696:1 9745:18 9764:1 9871:1 9873:24 9999:26 10126:27 10254:27 10385:24 10514:23 10645:20 10773:20 10903:1 10905:2 10916:3 11721:6 11849:6 11975:10 12102:11 12229:16 12358:15 12487:14 12614:15 12743:14 12870:15 12943:2 12997:16 13067:6 13123:18 13194:15 13249:18 13322:9 13332:5 13377:18 13507:14 13635:14 13765:10 13893:9 14023:4 14152:1,"{""x"": 0.07812, ""y"": 0.08594, ""w"": 0.77344, ""h"": 0.78125}",0.3387
295,1979:2 2107:2 2228:13 2355:15 2412:1 2482:17 2521:22 2609:18 2649:24 2737:20 2775:26 2865:20 2903:26 2993:22 3029:30 3121:22 3156:31 3236:7 3249:22 3287:24 3363:9 3375:24 3415:13 3429:10 3490:37 3545:10 3561:1 3563:2 3618:37 3673:10 3689:1 3691:2 3746:37 3803:8 3820:1 3873:22 3897:13 3932:7 3943:2 4001:13 4017:2 4031:2 4062:5 4129:13 4145:2 4159:2 4189:8 4199:1 4258:9 4273:1 4386:9 4401:1 4455:1 4515:7 4583:1 4643:7 4773:5 4901:5 5030:4 5158:5 5286:4 5414:3 5542:3 5670:3 5799:2 5927:2 6559:2 6687:2 6759:1 6814:4 6887:2 6942:4 7015:2 7069:4 7197:5 7327:2 7399:6 7448:1 7455:2 7527:8 7575:2 7655:8 7702:4 7783:10 7830:4 7911:11 7957:5 8039:12 8085:5 8167:15 8213:5 8295:16 8343:1 8426:5 8555:3 8812:1 8815:1 8942:5 9070:5 9197:6 9325:6 9332:1 9454:5 9583:4 9711:2 9839:2 12071:1 12195:14 12323:16 12451:16 12579:16 12709:16 12837:14 12967:7 13095:4,"{""x"": 0.16406, ""y"": 0.11719, ""w"": 0.76562, ""h"": 0.6875}",0.318
297,1943:2 1986:6 2071:2 2113:7 2190:3 2199:2 2244:1 2317:6 2326:3 2371:2 2443:8 2453:4 2571:8 2583:2 2698:12 2711:2 2825:13 2839:2 2953:12 3030:5 3081:12 3159:4 3211:6 3275:18 3340:5 3403:18 3531:18 3641:3 3645:1 3658:19 3787:19 3915:19 4045:17 4173:17 4301:17 4429:18 4557:18 4685:18 4813:17 4942:17 5071:15 5199:15 5333:6 5463:3 6619:4 6747:6 6875:4 7003:4 7394:7 7522:7 7650:8 7778:9 7907:8 8037:6 8075:2 8078:11 8165:5 8204:1 8206:11 8294:3 8335:1 8343:1 8423:2 8460:1 8462:3 8471:2 8550:3 8591:2 8599:1 8679:2 8718:3 8727:2 8806:3 8844:1 8846:3 8935:2 8971:6 9063:1 9099:6 9227:7 9358:3 9487:2 11095:2 11106:3 11222:17 11350:17 11479:16 11607:16 11735:18 11863:18 11989:20 12117:20 12249:16 12373:20 12500:21 12627:22 12755:22 12883:22 13017:16 13145:16 13273:14 13401:14 13531:8 13660:7 13791:2 13919:1,"{""x"": 0.07031, ""y"": 0.11719, ""w"": 0.76562, ""h"": 0.73438}",0.3022
301,1725:4 1849:9 1977:12 2105:12 2233:9 2351:2 2361:9 2478:3 2489:8 2604:7 2617:8 2731:8 2745:9 2858:9 2873:9 2986:9 3001:9 3012:1 3114:9 3129:9 3241:28 3369:29 3497:30 3625:30 3753:27 3881:26 4009:22 4137:22 4265:20 4393:20 4521:18 4649:18 4777:18 4905:18 5033:20 5161:20 5287:18 5414:19 5542:17 5669:18 5796:17 5923:18 6051:16 6179:16 6307:14 6435:14 6563:10 6691:10 6819:6 6947:6 7077:4 7205:4 7592:1 7719:2 11055:2 11181:6 11309:6 11437:6 11565:6 11693:6 11821:6 11950:5 12078:5 12207:3 12335:4 12463:6 12591:6 12718:8 12846:8 12972:11 13099:12 13225:14 13353:14 13484:11 13613:10 13743:7 13871:6,"{""x"": 0.27344, ""y"": 0.10156, ""w"": 0.28125, ""h"": 0.75}",0.3178
303,3024:1 3152:1 3356:2 3481:8 3607:10 3737:8 3863:1 3865:8 3993:8 4121:8 4249:10 4299:11 4377:10 4415:8 4425:14 4505:12 4537:33 4633:12 4659:4 4664:35 4762:13 4787:40 4890:17 4913:44 5024:61 5151:60 5281:21 5305:15 5321:5 5409:20 5433:14 5537:20 5563:5 5665:19 5691:5 5797:10 5808:3 5929:4 5937:2 7333:1 7335:1 7459:6 7586:7 7611:1 7715:6 7739:2 7843:2 7971:2 11671:1 11799:1 12055:1,"{""x"": 0.17969, ""y"": 0.17969, ""w"": 0.54688, ""h"": 0.5625}",0.268
309,1335:1 1462:3 1588:7 1715:8 1724:1 1843:10 1969:16 2098:14 2227:11 2355:12 2483:11 2611:12 2738:11 2866:11 2993:10 3121:10 3251:6 3379:6 3508:1 3636:1 5089:6 5215:8 7655:1 7783:2 7905:8 8033:9 8155:16 8217:1 8283:16 8343:4 8410:17 8471:4 8538:17 8599:6 8666:19 8727:6 8794:17 8855:8 8921:18 8983:8 9049:18 9110:9 9177:16 9238:10 9304:17 9367:8 9434:15 9495:8 9562:15 9623:6 9692:13 9751:6 9821:10 9881:2 9884:1 9951:4 9956:1 10009:2 10391:8 10405:4 10518:10 10531:7 10641:26 10767:1 10769:26 10895:1 10897:26 11023:27 11151:26 11279:1 11281:24 11412:21 11540:1 11542:19 11591:5 11673:16 11719:10 11801:16 11847:10 11929:7 11973:14 12057:2 12060:2 12101:14 12229:16 12357:16 12441:2 12483:18 12569:4 12611:18 12697:1 12699:2 12738:19 12825:1 12827:2 12830:1 12866:20 12953:6 12993:21 13081:1 13083:4 13121:21 13211:4 13249:21 13339:4 13377:22 13506:19 13635:18 13765:14 13893:14 14021:12 14149:10 14277:6 14401:11 14533:5 14661:4 14791:2,"{""x"": 0.11719, ""y"": 0.07812, ""w"": 0.73438, ""h"": 0.82812}",0.3277
311,4261:8 4387:10 4511:14 4636:17 4764:15 4891:16 5019:16 5147:16 7825:8 7951:10 8079:11 8207:11 8334:13 8461:14 8587:18 8715:18 8844:17 8972:17 9100:18 9228:17 9357:24 9485:28 9613:29 9741:30 9870:30 9998:31 10127:31 10255:31 10385:30 10513:32 10641:33 10769:33 10897:32 11025:32 11161:22 11289:22 11418:21 11546:21 11675:20 11803:20 11931:23 12059:24 12189:24 12316:25 12445:26 12574:25 12703:26 12831:26 12961:29 13089:30 13218:31 13345:32 13474:29 13504:1 13602:21 13627:4 13632:1 13731:18 13759:2 13860:17 13988:10 13999:3 14116:10 14128:1 14245:6 14372:9 14399:2 14501:9 14629:9 14757:9 14886:7,"{""x"": 0.08594, ""y"": 0.25781, ""w"": 0.42188, ""h"": 0.65625}",0.3616
324,2831:1 2959:2 3025:10 3037:4 3086:3 3154:3 3158:2 3161:1 3166:1 3168:1 3215:2 3285:16 3343:2 3413:16 3541:16 3669:16 3797:16 3925:17 4052:18 4180:18 4307:20 4434:21 4500:5 4562:21 4623:11 4690:21 4751:12 4817:24 4879:14 4945:24 5006:15 5073:26 5100:1 5134:15 5201:26 5228:1 5261:16 5327:30 5389:16 5454:31 5516:17 5581:33 5644:17 5709:33 5772:15 5835:34 5899:15 5962:33 5996:1 6027:10 6038:3 6089:29 6120:1 6155:11 6217:30 6248:1 6284:8 6346:26 6411:8 6474:26 6540:7 6603:24 6667:1 6669:5 6731:1 6733:11 6745:10 6796:6 6863:1 6873:10 6923:6 7001:10 7053:4 7131:8 7180:5 7259:8 7390:3 7519:1 10137:13 10153:1 10156:1 10263:16 10281:5 10391:24 10519:24 10647:24 10775:24 10905:24 11033:24 11167:19 11295:20 11423:18 11551:19 11679:18 11807:17 11935:15 12063:14,"{""x"": 0.08594, ""y"": 0.17188, ""w"": 0.77344, ""h"": 0.57031}",0.3537
330,1687:1 1812:6 1935:14 2063:1 2065:12 2319:4 2447:2 2575:2 2703:2 2831:2 2958:3 3086:3 3214:5 3289:10 3342:5 3411:2 3417:12 3471:4 3476:1 3545:12 3599:4 3604:2 3608:1 3667:18 3727:4 3733:1 3736:1 3796:18 3815:2 3855:2 3922:23 3992:1 4050:25 4117:4 4178:25 4235:15 4306:25 4362:17 4433:26 4489:18 4562:25 4588:1 4617:18 4689:28 4745:17 4815:1 4817:26 4873:17 4943:28 5001:16 5070:29 5129:16 5197:30 5257:11 5325:30 5385:10 5453:30 5515:7 5581:30 5643:7 5707:32 5772:5 5836:29 5901:4 5963:30 6091:23 6116:1 6219:24 6347:23 6475:22 6603:22 6731:22 6863:18 6991:16 9641:10 9652:1 9767:1 9769:12 9893:17 10020:19 10145:22 10273:22 10399:24 10523:28 10651:26 10778:27 10907:26 11034:27 11164:1 11167:20 11295:22 11418:25 11545:26 11673:26 11799:1 11801:26 11927:26 12055:26 12182:19 12311:18 12439:2 12442:1 12567:2 12570:1 12823:1 12951:1 13079:2 13207:2 13335:2,"{""x"": 0.07031, ""y"": 0.10156, ""w"": 0.78125, ""h"": 0.71875}",0.3715
331,3031:3 3159:4 3275:2 3278:13 3393:1 3395:4 3401:18 3513:34 3641:34 3769:33 3894:2 3897:32 4019:36 4146:37 4273:40 4401:42 4529:44 4657:44 4787:42 4915:42 5045:17 5072:7 5080:1 5173:20 5204:1 5301:20 5429:20 5559:19 5686:21 5815:15 5943:14 6073:9 6201:10 6331:6 6459:1 6463:2 6591:2 6719:2 6847:1 6975:1 7103:1 7231:2 8167:2 8296:1 11759:2 11887:2 12015:3 12111:2 12142:4 12239:2 12271:2 12366:3 12399:2 12483:14 12526:4 12609:1 12611:15 12654:4 12737:18 12781:6 12863:1 12865:18 12909:6 12991:20 13037:6 13118:21 13166:5 13245:21 13295:4 13371:24 13423:4 13505:10 13635:6,"{""x"": 0.38281, ""y"": 0.17969, ""w"": 0.51562, ""h"": 0.65625}",0.3059
332,1335:14 1457:25 1585:26 1713:26 1839:28 1965:32 2094:29 2225:24 2351:26 2481:17 2609:18 2732:1 2734:21 2859:23 2986:23 3115:23 3243:22 3371:21 3500:19 3627:19 3756:17 3884:15 4015:2 4020:1 4142:3 4148:1 7651:7 7779:7 7896:3 7900:3 7905:10 8019:24 8143:28 8271:28 8399:30 8527:30 8654:31 8727:2 8781:32 8855:2 8911:30 8983:2 9039:30 9111:1 9169:26 9297:26 9365:4 9425:26 9491:8 9553:26 9619:8 9681:25 9747:8 9809:2 9812:22 9875:8 9942:19 10003:8 10071:18 10130:12 10201:12 10258:12 10329:10 10340:1 10387:8 10457:10 10515:8 10586:9 10645:6 10716:1 10719:4 10771:8 10847:4 10901:6 11029:5 11159:1 11287:1 12753:8 12877:12 13001:16 13127:18 13251:20 13379:20 13511:14 13639:12 13769:4 13899:1 14023:4 14151:4 14279:2 14406:3,"{""x"": 0.14062, ""y"": 0.07812, ""w"": 0.71094, ""h"": 0.80469}",0.3431
333,1466:3 1593:5 1721:6 1849:8 1977:8 2105:8 2233:6 2361:6 2490:5 2618:5 2746:5 2874:4 3130:1 6376:6 6501:10 6625:16 6753:16 6871:24 6999:24 7063:2 7123:27 7191:2 7251:27 7319:2 7379:27 7446:3 7506:28 7574:3 7633:29 7701:4 7761:29 7830:3 7891:27 7957:4 8019:27 8086:3 8149:25 8214:3 8277:25 8339:8 8406:24 8467:8 8535:23 8595:8 8663:22 8723:8 8791:22 8851:10 8921:20 8979:10 9049:18 9106:11 9178:13 9235:10 9305:14 9361:14 9434:13 9489:15 9562:13 9617:16 9692:11 9745:17 9821:10 9873:18 9951:4 9956:1 9999:1 10001:18 10127:1 10129:17 10255:1 10257:18 10387:12 10515:12 10647:4 10775:3 11607:2 11719:18 11847:19 11971:24 12097:26 12220:27 12349:26 12477:26 12605:26 12632:1 12733:26 12760:1 12861:26 12990:25 13119:24 13247:22 13375:22 13505:16 13634:15 13765:10 13893:10 14021:8 14151:4,"{""x"": 0.11719, ""y"": 0.08594, ""w"": 0.76562, ""h"": 0.78125}",0.3529
334,1850:7 1975:14 2103:12 2230:13 2358:15 2486:15 2614:16 2743:1 2745:14 2871:16 2999:19 3127:16 3144:1 4383:1 4511:1 4639:2 4767:2 4895:2 5023:2 5151:2 5279:2 5407:2 5535:2 5662:3 6548:7 6675:10 6802:11 6930:11 7060:9 7187:10 7314:14 7441:16 7569:16 7697:17 7825:17 7953:18 8082:17 8210:17 8338:19 8465:20 8593:20 8721:20 8849:22 8977:22 9105:22 9233:22 9361:22 9489:22 9617:22 9745:22 9875:20 10003:20 10137:13 10265:13 10393:13 10521:13 10649:14 10777:14 10907:10 11036:7 11044:1 14263:2 14389:4,"{""x"": 0.13281, ""y"": 0.10938, ""w"": 0.44531, ""h"": 0.77344}",0.2922
335,1601:4 1725:10 1852:13 1977:18 2105:17 2235:11 2364:9 3879:2 4007:3 4135:4 6553:4 6681:6 6807:1 6809:5 6818:1 6871:3 6935:1 6937:7 6999:4 7063:1 7065:4 7127:6 7191:6 7255:6 7317:16 7383:4 7443:20 7512:3 7570:21 7698:21 7827:20 7955:20 8085:18 8213:18 8341:18 8469:18 8597:18 8679:2 8725:18 8807:2 8853:19 8935:2 8981:20 9063:2 9109:19 9191:2 9237:18 9319:2 9366:17 9447:2 9494:17 9575:2 9623:16 9703:3 9751:16 9831:4 9881:14 9959:3 10009:14 10087:3 10138:14 10215:2 10265:16 10343:2 10393:14 10471:4 10521:14 10599:4 10604:1 10649:14 10725:8 10777:14 10853:8 10907:8 10916:1 10977:10 10988:1 11036:5 11098:1 11103:12 11116:1 11225:10 11237:2 11353:10 11481:24 11609:24 11737:25 11865:25 11993:25 12121:26 12249:26 12377:26 12506:23 12635:20 12763:20 12892:19 13028:11 13157:10 13286:9 13414:9,"{""x"": 0.14062, ""y"": 0.09375, ""w"": 0.75781, ""h"": 0.72656}",0.3183
357,3229:8 3241:4 3357:8 3369:4 3483:18 3610:20 3737:22 3865:22 3993:22 4121:22 4249:22 4333:5 4375:24 4457:16 4503:24 4583:18 4630:25 4710:19 4757:26 4838:19 4886:25 4966:19 5009:30 5093:18 5137:30 5221:18 5271:24 5351:15 5401:22 5479:14 5529:22 5611:10 5657:22 5737:12 5785:22 5870:5 5913:22 5999:3 6045:17 6173:18 6301:16 6429:16 6559:12 6687:12 6700:1 6815:9 6943:8 6953:2 7071:7 7082:3 7199:7 7209:5 10183:5 10193:6 10201:14 10311:5 10321:6 10329:14 10438:33 10565:34 10693:36 10821:36 10951:31 11079:28 11209:22 11337:22 11469:17 11599:15 11730:11 11859:10 11987:10 12115:8 12247:2 12376:1,"{""x"": 0.13281, ""y"": 0.19531, ""w"": 0.8125, ""h"": 0.5625}",0.3337
364,1863:2 1987:8 2115:6 3743:2 3871:2 3998:4 4125:6 4253:5 4380:7 4507:8 4635:8 4761:1 4763:6 4889:8 5010:3 5017:8 5137:4 5145:8 5406:1 7447:2 7574:5 7702:5 7827:14 7911:2 7955:16 8039:2 8082:20 8167:2 8210:20 8295:2 8338:21 8423:2 8466:21 8551:2 8595:19 8679:2 8723:19 8807:2 8852:19 8935:2 8980:19 9063:2 9111:16 9239:17 9367:18 9495:18 9623:18 9753:16 9881:16 10010:15 10223:2 10351:2 11697:8 11825:8 11889:2 11948:1 11950:11 12076:14 12204:15 12331:16 12459:16 12586:17 12714:17 12775:2 12842:17 12903:2 12970:19 13031:11 13098:19 13158:13 13226:20 13285:16 13354:20 13413:16 13484:16 13543:10 13612:15 13671:8 13742:13 13804:1 13871:11 14001:10 14129:10 14259:10 14387:11 14516:9 14645:6 14774:4 14903:2,"{""x"": 0.13281, ""y"": 0.10938, ""w"": 0.78125, ""h"": 0.80469}",0.2983
368,2747:6 2874:7 3001:8 3129:9 3258:7 3386:6 4911:2 5031:11 5159:6 5166:5 5295:2 5423:2 5551:1 5679:1 6293:8 6419:12 6546:13 6673:14 6801:14 6929:14 7057:14 7185:14 7313:13 7439:15 7567:14 7695:14 7823:14 7951:14 8079:13 8207:14 8335:14 8462:16 8589:18 8717:18 8845:20 8973:21 9101:18 9229:18 9361:14 9489:14 9619:2 9622:19 9747:1 9751:18 9886:11 10014:11 10143:11 10270:11 10394:17 10449:6 10521:18 10575:11 10647:22 10703:14 10775:22 10831:14 10903:22 10959:12 11031:22 11087:12 11161:18 11215:10 11289:18 11343:8 11470:13 11599:14 11727:14 11855:14 11983:14 12111:15 12212:1 12239:15 12340:1 12368:15 12467:5 12497:13 12593:7 12625:13 12721:9 12751:14 12849:8 12879:14 12977:10 13007:14 13105:10 13135:14 13231:1 13233:12 13261:16 13359:14 13389:16 13518:15 13646:15 13775:12 13905:10 14040:1,"{""x"": 0.10156, ""y"": 0.16406, ""w"": 0.64062, ""h"": 0.69531}",0.3221
376,1967:1 1969:2 2217:14 2287:4 2342:17 2415:6 2467:20 2541:9 2595:21 2669:9 2722:23 2799:7 2850:23 2927:7 2977:26 3056:5 3105:26 3183:6 3233:22 3361:21 3489:20 3617:18 3636:1 3745:18 3873:17 4001:16 4071:3 4129:16 4199:4 4257:16 4385:16 4514:13 4642:13 4770:13 4898:13 5026:12 5154:12 5279:1 5281:10 5407:12 5532:15 5660:15 5787:15 5915:15 6042:15 6170:15 6298:17 6426:17 6553:20 6681:18 6700:1 6809:20 6937:18 7063:18 7191:18 7319:8 7329:5 7447:6 7454:1 7460:1 7575:6 7703:6 7831:2 7911:10 7959:2 8039:10 8167:12 8241:1 8295:12 8367:4 8423:12 8495:4 8551:12 8623:4 8679:12 8751:2 8807:12 8935:12 9063:12 9190:13 9318:13 9447:12 9575:11 9711:2 10151:2 10279:2 10407:2 10412:1 10535:2 10538:3 10663:6 10791:6 10921:2 11049:2 11683:2 11811:2 11935:12 12058:1 12060:17 12183:24 12311:26 12439:24 12567:24 12592:1 12697:22 12825:22 12953:17 13092:1,"{""x"": 0.17969, ""y"": 0.11719, ""w"": 0.74219, ""h"": 0.6875}",0.3321
381,1844:1 1969:8 2097:8 2225:9 2353:9 2481:10 2607:1 2609:10 2732:18 2859:20 2986:22 3114:23 3243:24 3371:26 3500:27 3628:29 3761:24 3889:24 4017:25 4145:24 4273:26 4401:28 4529:28 4657:28 4786:21 4914:13 4929:4 5572:1 5698:3 5821:2 5825:6 5835:6 5945:14 5961:8 6073:24 6199:26 6327:26 6455:26 6569:4 6583:24 6687:2 6695:6 6711:24 6812:17 6839:24 6940:17 6967:24 7067:18 7101:17 7195:18 7224:1 7229:17 7359:12 7479:2 7487:11 7607:2 7617:6 7735:2 7745:5 11543:1 11669:5 11796:7 11923:8 12051:7 12177:10 12305:10 12437:4 12519:8 12565:4 12647:10 12775:12 12903:12 13030:13 13158:13 13286:12 13415:12 13546:5 13675:2 14310:5 14437:9 14566:5 14695:3 14823:3 14951:2,"{""x"": 0.13281, ""y"": 0.10938, ""w"": 0.76562, ""h"": 0.80469}",0.323
382,1703:14 1830:15 1957:18 2084:19 2214:18 2342:19 2471:20 2598:21 2726:24 2854:25 2982:27 3110:28 3239:28 3268:1 3367:30 3497:29 3625:28 3753:28 3881:27 4009:25 4137:24 4265:24 4393:24 4521:24 4649:25 4777:26 4905:26 4933:1 4935:1 4938:1 5033:36 5161:36 5289:36 5417:36 5546:35 5674:35 5802:35 5930:35 6058:33 6188:31 6314:31 6442:31 6569:32 6697:32 6820:1 6825:30 6946:1 6948:1 6953:29 7081:26 7209:26 7236:1 7341:20 7470:17 12647:2 12773:6 12901:6 13027:10 13155:10 13281:13 13409:13 13541:6 13670:4,"{""x"": 0.26562, ""y"": 0.10156, ""w"": 0.59375, ""h"": 0.73438}",0.362
385,2612:1 2738:13 2753:10 2866:27 2993:32 3122:32 3247:36 3374:37 3412:3 3416:1 3501:46 3548:1 3628:46 3756:37 3883:36 4012:19 4033:6 4143:16 4161:5 4274:12 4289:6 4403:12 4417:7 4531:11 4545:6 4659:12 4673:7 4789:10 4801:12 4917:6 4929:10 4940:1 5047:1 5057:12 5175:2 5185:12 5299:24 5427:24 5555:22 5683:22 5811:22 5939:22 6044:1 6067:20 6172:1 6195:20 6216:1 6319:24 6447:24 6575:23 6703:23 6831:21 6959:18 7087:10 7098:5 7215:12 7228:3 12199:2 12327:2 12453:8 12581:9 12708:11 12836:11 12962:28 13040:1 13090:29 13165:4 13217:32 13287:12 13343:34 13415:12 13477:24 13551:2 13607:20 13628:1 13737:17 13865:16 13993:13 14121:12 14251:7 14377:10 14508:6 14639:2 14767:2,"{""x"": 0.21875, ""y"": 0.15625, ""w"": 0.67969, ""h"": 0.75}",0.335
387,3386:1 3388:1 3513:4 3641:4 3769:4 3897:5 3999:2 4025:4 4153:4 4279:6 4379:2 4382:3 4404:9 4506:3 4510:3 4533:1 4535:7 4631:10 4659:11 4759:10 4789:8 4887:10 4915:10 5014:13 5045:2 5049:3 5142:13 5173:2 5176:5 5270:13 5284:1 5398:15 5527:14 5654:15 5783:12 5911:12 6039:1 6041:9 6167:1 6169:9 6294:5 6419:8 6547:8 6675:8 6802:9 6929:10 7057:10 7185:10 7313:14 7441:14 7569:14 7697:14 7825:14 7953:14 8079:1 8081:14 8207:1 8209:14 8337:14 8463:16 8593:13 8719:1 8721:13 8849:12 8975:1 8977:12 9105:10 9233:10 9359:15 9487:16 9615:18 9743:19 9871:22 9999:22 10127:23 10255:24 10385:22 10513:24 10643:23 10771:23 10901:1 10903:19 11031:18 11163:14 11291:14 11418:15 11546:16 11676:14 11727:2 11804:15 11855:3 11933:14 12062:13 12196:1 12198:4 12326:4 12455:4 12583:4 12711:6 12839:7 12967:7 12979:2 13093:17 13223:5 13229:9 13269:6 13351:16 13397:6 13527:2 13655:2 14423:2,"{""x"": 0.11719, ""y"": 0.20312, ""w"": 0.59375, ""h"": 0.67969}",0.3232
391,1583:1 1591:4 1596:1 1711:14 1837:17 1963:20 2091:20 2223:16 2350:17 2481:3 2489:8 2604:1 2607:6 2617:6 2624:1 2731:2 2735:4 2745:8 2859:8 2869:12 2986:23 3115:22 3247:2 3253:2 5655:1 5783:2 5911:2 6039:2 6167:2 6295:2 6422:3 6551:2 6678:3 6807:2 6935:2 7063:2 7143:2 7191:2 7271:2 7319:4 7397:4 7446:7 7524:5 7574:5 7580:1 7650:9 7701:8 7777:10 7829:6 7899:16 7957:6 8026:17 8085:6 8153:20 8213:6 8281:20 8341:6 8409:18 8469:6 8537:18 8597:6 8666:17 8724:7 8794:17 8853:6 8923:15 8982:5 9052:13 9111:4 9116:1 9239:4 9244:1 9363:14 9491:16 9618:23 9746:23 9874:25 10001:26 10129:26 10257:26 10391:21 10519:21 10649:20 10777:20 10905:18 11033:18 11166:11 11292:13 11417:2 11420:1 11423:1 11431:2 11465:6 11473:2 11545:5 11560:1 11591:14 11673:2 11676:1 11717:16 11799:7 11845:16 11970:19 12097:20 12220:3 12225:20 12348:3 12353:20 12481:20 12609:20 12737:20 12865:20 12993:20 13121:20 13249:20 13377:20 13505:17 13634:15 13763:12 13892:11 14020:10 14149:6 14156:1 14407:2,"{""x"": 0.13281, ""y"": 0.09375, ""w"": 0.71875, ""h"": 0.78906}",0.341
392,2647:2 2766:13 2892:16 3018:19 3147:18 3249:2 3252:6 3273:20 3375:12 3401:21 3503:12 3529:21 3629:14 3657:21 3758:12 3785:22 3886:12 3913:22 4014:9 4024:1 4042:21 4142:9 4170:21 4299:20 4428:19 4557:17 4685:17 4814:16 4942:16 5071:15 5199:15 5330:12 5457:14 5587:12 5715:12 5843:12 5971:12 6101:10 6229:10 6359:6 6487:2 7776:1 12108:1 12223:22 12351:22 12479:22 12607:22 12735:22 12865:19 12999:12 13129:10 13260:5 13388:5 13519:2 13647:2,"{""x"": 0.35156, ""y"": 0.15625, ""w"": 0.40625, ""h"": 0.67969}",0.2815
393,1969:9 2097:8 2355:2 2611:2 2729:14 2857:15 2982:20 3110:20 3241:14 3367:1 3369:14 3497:10 3625:10 3753:9 3881:9 4011:6 4139:7 4271:2 4399:2 7447:2 7527:2 7575:2 7654:3 7703:4 7781:4 7830:5 7836:1 7905:10 7958:7 8033:10 8085:8 8154:19 8213:8 8282:19 8342:8 8411:18 8470:11 8539:18 8598:11 8667:18 8725:12 8795:16 8854:5 8861:2 8924:15 8982:5 8989:2 9053:14 9111:2 9183:2 9239:2 9310:5 9316:1 9320:1 9366:10 9439:1 9494:11 9567:2 9622:11 9749:12 9877:12 10006:11 10134:10 10263:9 10391:10 10519:10 10647:11 10775:12 10903:18 11031:18 11158:20 11285:22 11413:21 11539:23 11669:20 11795:16 11812:5 11925:12 11943:2 12053:12 12181:10 12309:11 12433:16 12561:16 12689:18 12817:18 12943:21 12965:1 13071:22 13197:22 13230:1 13263:2 13325:22 13357:2 13363:2 13390:4 13459:14 13589:12,"{""x"": 0.10156, ""y"": 0.11719, ""w"": 0.75, ""h"": 0.71875}",0.305
404,5455:2 5583:8 5711:10 5839:10 5967:10 6094:11 6222:11 6347:14 6475:14 6603:16 6732:15 6865:8 6996:1 6999:1 8423:2 8426:8 8551:12 8677:16 8805:16 8932:17 9061:16 9189:16 9317:16 9444:17 9572:17 9639:1 9697:18 9767:1 9825:18 9895:1 9948:1 9953:17 10076:1 10079:19 10207:18 10334:19 10455:26 10535:1 10583:26 10663:2 10709:26 10791:2 10837:27 10919:2 10963:28 11047:2 11091:28 11175:2 11219:27 11303:2 11346:28 11430:3 11475:26 11558:3 11602:26 11687:2 11730:23 11814:3 11858:25 11943:2 11987:21 12071:1 12115:20 12247:16 12375:16 12499:22 12627:22 12755:22 12883:22 13010:23 13137:24 13219:2 13265:14 13347:2 13393:14 13522:9 13650:9 13781:4 13909:4 14037:5 14165:6 14294:3 14421:5 14550:4 14678:4 14807:4 14935:4,"{""x"": 0.27344, ""y"": 0.32812, ""w"": 0.64062, ""h"": 0.58594}",0.3295
407,1607:2 1735:2 1862:5 1988:11 2117:10 2247:8 2374:11 2503:6 2631:7 2759:6 2887:14 3014:15 3142:15 3271:6 3281:4 3399:4 3404:1 3409:4 3537:4 3665:4 3793:1 3796:1 3924:1 5007:8 5134:10 5263:9 5391:10 5521:8 5649:8 6554:1 6681:4 6809:4 6937:4 7065:2 7068:1 7193:4 7321:4 7449:4 7577:4 7705:4 7831:8 7912:1 7959:11 8039:2 8087:14 8167:2 8215:15 8295:2 8343:15 8421:5 8471:16 8533:8 8546:9 8599:16 8660:11 8673:10 8727:16 8789:10 8801:10 8857:14 8917:9 8929:10 8985:14 9046:7 9057:10 9114:15 9185:10 9242:15 9313:10 9370:13 9442:15 9498:13 9570:15 9627:11 9699:15 9755:10 9826:16 9887:1 9955:15 10083:16 10213:14 10341:14 10465:20 10592:21 10719:22 10847:23 10975:22 11103:23 11233:21 11361:21 11493:17 11621:17 11761:5 11889:5 12018:3 12146:3 12212:1 12340:3 13103:1 13231:2 13359:4 13364:1,"{""x"": 0.10938, ""y"": 0.09375, ""w"": 0.8125, ""h"": 0.72656}",0.2969
408,1987:2 2115:2 2231:18 2357:20 2483:22 2611:23 2738:23 2866:24 2993:25 3121:25 3247:28 3374:29 3501:30 3628:31 3755:32 3883:32 4010:32 4138:31 4265:26 4293:4 4393:24 4521:22 4649:22 4777:22 4905:21 5033:20 5161:20 5289:18 5417:18 5545:18 5673:18 5801:18 5929:17 6058:15 6186:15 6314:13 6442:12 6570:11 6698:9 6827:8 6955:7 7083:6 7211:6 7339:6 7467:6 7594:7 7721:8 10775:2 11032:1 11197:1 11199:4 11205:4 11324:7 11333:4 11450:15 11577:10 11588:1 11590:3 11705:10 11833:9 11959:10 12084:13 12211:14 12339:14 12465:14 12591:16 12719:16 12847:16 12974:17 13101:18 13227:20 13355:20 13485:16 13613:16 13742:12 13870:12 13997:10 14126:8 14247:2 14375:4 14380:1 14383:2 14503:2 14631:2 14759:1,"{""x"": 0.17969, ""y"": 0.11719, ""w"": 0.40625, ""h"": 0.78906}",0.3506
409,2031:2 2159:2 2287:2 2415:2 2543:2 2671:2 2714:3 2799:2 2839:9 2849:1 2863:1 2927:2 2965:14 2987:6 3055:4 3093:14 3119:1 3183:4 3221:18 3242:3 3311:4 3349:18 3369:6 3439:4 3479:16 3497:4 3567:4 3606:17 3625:4 3694:5 3734:17 3754:1 3756:1 3823:2 3862:17 3882:1 3884:1 3990:17 4119:16 4249:12 4377:12 4511:6 4639:6 4767:4 4895:2 5807:2 5935:2 6063:2 6188:1 6190:3 6315:6 6443:6 6561:2 6571:7 6687:1 6689:2 6692:3 6698:8 6817:4 6828:6 6945:5 6957:4 7073:4 7087:2 7201:4 7215:2 9415:6 9543:8 9572:1 9671:15 9695:8 9799:16 9823:8 9927:16 9949:10 10054:17 10074:1 10077:10 10183:20 10204:1 10310:23 10439:24 10567:24 10697:24 10825:25 10852:1 10953:25 11081:26 11209:25 11337:24 11466:21 11595:20 11723:20 11852:19 11982:17 12111:16 12247:7 12375:7,"{""x"": 0.16406, ""y"": 0.11719, ""w"": 0.73438, ""h"": 0.64062}",0.3065
412,1479:2 1606:3 1734:3 1859:8 1986:11 2115:10 2243:6 2371:7 2503:2 2627:8 2755:10 2883:12 3011:16 3139:16 3279:4 3407:4 3535:3 3663:4 3791:4 3919:4 4047:2 4176:1 4631:1 4633:1 4757:5 4883:6 5010:9 5137:10 5266:10 5394:11 5523:10 5651:11 5781:8 5910:5 6298:3 6423:6 6551:1 6553:8 6679:10 6807:10 6935:10 7063:10 7191:10 7318:13 7446:13 7572:15 7700:15 7716:1 7827:18 7955:18 8083:20 8211:20 8339:19 8467:18 8597:16 8725:16 8807:2 8855:12 8868:1 8935:2 8983:12 9063:2 9114:9 9241:10 9370:9 9498:9 9626:9 9754:9 9831:2 9887:2 9959:2 10086:5 10201:3 10213:10 10224:1 10329:3 10341:12 10457:4 10465:12 10479:2 10585:3 10593:12 10607:2 10713:3 10720:13 10841:1 10848:13 10977:9 11109:4 11367:1 11953:6 12081:7 12202:15 12330:15 12457:16 12585:16 12713:17 12841:17 12969:18 13097:18 13225:20 13353:21 13482:19 13611:16 13740:15 13869:13 14001:10 14129:10 14261:4 14389:6 14519:2 14647:2,"{""x"": 0.13281, ""y"": 0.08594, ""w"": 0.75, ""h"": 0.8125}",0.3042
428,4788:1 4915:2 5043:2 5171:3 5297:5 5425:5 5551:6 5671:2 5678:7 5798:3 5926:3 5935:1 6054:3 6182:3 7444:1 7447:1 7570:3 7575:2 7698:3 7703:2 7825:8 7953:8 8079:10 8207:10 8334:13 8460:15 8587:16 8715:17 8844:17 8971:18 9099:16 9228:17 9359:15 9487:16 9617:14 9745:14 9873:14 9889:2 10001:14 10017:4 10129:22 10257:22 10385:25 10513:26 10641:30 10672:1 10769:32 10897:32 11025:32 11156:30 11284:30 11416:23 11545:22 11674:5 11684:10 11801:6 11813:9 11943:3 13231:3 13359:4 13487:2 13615:2 13871:2 13991:12 14119:12 14245:16 14372:17 14501:14 14629:13 14759:10 14887:7 14895:2,"{""x"": 0.08594, ""y"": 0.28906, ""w"": 0.33594, ""h"": 0.625}",0.2954
435,1775:2 1849:6 1901:5 1973:12 2025:12 2101:12 2153:12 2233:8 2287:2 2361:5 2367:1 2415:2 3175:1 3239:16 3365:18 3385:4 3491:28 3619:26 3746:27 3874:27 4002:25 4130:25 4258:23 4385:24 4513:22 4641:22 4769:22 4897:22 5025:23 5153:24 5282:21 5410:20 5539:16 5667:16 5796:13 5924:13 6054:3 6182:3 6311:2 6439:2 6567:2 6695:2 6823:2 6951:2 7079:2 7207:2 7335:2 7463:2 7591:2 7719:2 10383:1 10511:2 10639:2 10767:2 10895:2 11023:2 11079:2 11087:3 11151:1 11201:21 11279:1 11329:22 11458:20 11587:18 11714:19 11842:9 11853:6 11969:10 12097:8 12215:15 12342:17 12471:12 12484:1 12599:12 12726:11 12854:9 12983:7 13111:4,"{""x"": 0.11719, ""y"": 0.10156, ""w"": 0.79688, ""h"": 0.70312}",0.3053
436,4711:2 4836:5 4959:10 5071:2 5079:18 5199:1 5207:18 5337:10 5348:1 5465:10 5476:1 5591:1 5593:12 5719:12 5732:1 5850:9 5860:1 5981:6 5988:1 6370:9 6497:12 6625:12 6753:13 6881:13 7009:14 7137:14 7265:14 7393:18 7521:20 7647:1 7649:20 7775:1 7777:21 7903:22 8031:23 8159:1 8161:20 8287:22 8415:22 8543:22 8671:20 8799:20 8820:1 8927:20 9055:20 9185:16 9311:18 9438:17 9563:20 9584:1 9690:21 9818:22 9946:19 10074:17 10201:10 10329:10 10460:1 12487:10 12503:2 12615:12 12628:5 12739:22 12783:2 12867:24 12911:2 12995:25 13123:27 13258:1 13266:23 13380:1 13386:1 13393:24 13522:13 13651:11 13779:1 13781:8 13909:5 14033:10 14159:1 14161:10 14287:11 14414:13 14543:11 14671:11 14799:1 14801:9 14929:8,"{""x"": 0.52344, ""y"": 0.28125, ""w"": 0.39844, ""h"": 0.63281}",0.3068
439,1855:2 1979:14 2108:11 2120:1 2236:11 2363:13 2491:10 2619:10 2747:9 2875:10 3002:15 3130:15 6126:4 6254:5 6383:2 6511:2 6639:2 6767:2 7525:4 7638:5 7651:8 7703:3 7765:6 7778:9 7831:3 7890:28 7959:3 8015:1 8017:28 8087:2 8143:30 8215:3 8271:31 8343:2 8399:30 8471:2 8527:30 8599:2 8655:31 8727:2 8783:31 8855:1 8911:1 8913:29 8983:1 9039:1 9041:29 9170:28 9298:28 9427:26 9555:26 9683:26 9811:26 9940:23 10069:21 10199:11 10326:13 10451:1 10453:13 10579:15 10706:17 10834:16 10962:9 11090:7 11347:2 11473:4 11595:12 11720:14 11847:15 11975:15 12102:16 12229:16 12357:16 12481:21 12609:21 12731:1 12735:1 12737:21 12859:2 12862:24 12985:30 13113:30 13231:1 13242:29 13369:30 13505:18 13633:18 13763:1 13765:10 13893:10 14021:9 14149:8 14407:2,"{""x"": 0.17969, ""y"": 0.10938, ""w"": 0.71875, ""h"": 0.77344}",0.3398
443,2483:14 2535:1 2537:8 2609:16 2665:2 2668:5 2735:18 2798:4 2863:18 2919:12 2989:21 3039:20 3117:21 3167:1 3169:18 3243:25 3299:7 3309:1 3370:27 3427:7 3436:1 3497:29 3557:4 3625:29 3685:4 3753:28 3813:4 3881:28 3941:4 4009:26 4137:26 4265:22 4393:22 4521:21 4649:21 4777:20 4905:20 5033:18 5161:18 5180:1 5289:18 5308:1 5417:20 5545:18 5673:18 5801:18 5929:17 6057:14 6185:14 6313:13 6441:12 6569:12 6697:13 6826:11 6955:8 7083:7 7211:8 7337:10 7465:10 7591:11 7719:11 7845:12 7973:12 8099:12 8227:12 8357:6 8485:6 8613:4 8741:4 8869:4 8997:4 10647:2 10775:2 10903:2 11031:2 11159:1 11287:1,"{""x"": 0.17969, ""y"": 0.14844, ""w"": 0.71875, ""h"": 0.54688}",0.3145
445,2256:1 2380:7 2505:12 2628:3 2633:12 2757:3 2761:13 2884:19 3013:18 3141:18 3269:18 3395:20 3507:1 3525:20 3633:5 3651:22 3761:4 3781:21 3887:1 3889:4 3909:22 4017:4 4035:25 4144:5 4163:24 4294:2 4297:19 4425:20 4553:20 4681:20 4809:20 4937:20 5066:19 5194:19 5325:16 5453:16 5583:14 5711:14 5841:10 5969:10 6099:8 6228:7 6359:2 6487:2 6616:1 6744:1 10523:2 10650:5 10778:5 11975:2 12103:2 12227:8 12354:9 12483:8 12611:8 12739:8 12756:1 12868:7 12884:1 13010:7 13138:7 13267:6 13395:6 13527:2,"{""x"": 0.20312, ""y"": 0.13281, ""w"": 0.52344, ""h"": 0.69531}",0.2746
446,2495:5 2623:8 2751:1 2753:9 2839:1 2879:12 2967:2 3012:9 3094:3 3139:10 3223:2 3267:10 3351:2 3393:12 3521:12 3649:12 3775:14 3901:16 4023:22 4151:22 4273:30 4401:30 4527:32 4655:32 4785:29 4913:28 5042:23 5170:21 5287:2 5299:16 5316:1 5413:5 5428:13 5543:2 5561:4 5671:2 5687:7 5817:2 7577:1 8221:1 9828:1 9831:1 10729:4 10857:5 10983:8 11111:8 11239:8 11367:8 11383:2 11415:1 11542:3 11669:4 11796:6 11923:7 12051:7 12179:7 12307:7 12435:7 12563:7 12691:6 12819:7 12946:8 13074:9 13203:7 13331:8,"{""x"": 0.14062, ""y"": 0.14844, ""w"": 0.80469, ""h"": 0.67188}",0.2718
453,5577:1 5703:1 5705:1 5852:1 5980:1 6107:2 6235:2 7395:7 7519:12 7645:14 7773:15 7898:19 8026:19 8154:19 8281:20 8409:21 8537:21 8659:2 8663:24 8787:28 8916:1 8918:25 9047:24 9177:22 9305:22 9431:24 9559:24 9687:24 9815:24 9940:26 10067:27 10194:27 10321:28 10447:28 10575:28 10702:29 10830:29 10958:27 11086:27 11214:25 11342:25 11469:22 11597:22 11725:20 11853:20 11982:17 12111:14 12241:8 12369:8 12495:10 12621:12 12746:16 12873:17 12954:1 12956:1 12997:21 13081:4 13125:20 13209:9 13250:21 13337:8 13378:21 13508:15 13639:10 13769:8 13897:8,"{""x"": 0.19531, ""y"": 0.33594, ""w"": 0.67188, ""h"": 0.51562}",0.3446
454,1851:2 1973:12 2101:12 2227:15 2355:15 2483:16 2610:17 2737:20 2796:2 2799:2 2865:20 2924:5 2993:21 3027:14 3042:1 3051:6 3121:21 3155:14 3178:7 3237:4 3249:22 3289:4 3307:3 3311:2 3364:7 3377:22 3436:1 3439:2 3490:9 3505:22 3617:10 3633:22 3745:10 3763:18 3873:10 3890:19 4001:10 4020:3 4025:8 4129:10 4156:5 4258:8 4386:8 4515:6 4643:2 4646:3 4772:5 4900:5 5028:5 5156:5 5284:5 5412:5 5543:2 5671:2 7201:1 7399:2 7527:3 7655:4 7781:8 7909:9 8037:9 8165:10 8293:10 8421:9 8549:9 8678:8 8806:8 8933:8 9061:8 9189:8 9317:9 9445:8 9574:5 9703:2 10150:7 10278:8 10407:6 10535:6 10663:2 10791:1,"{""x"": 0.25781, ""y"": 0.10938, ""w"": 0.625, ""h"": 0.55469}",0.2774
460,3006:3 3134:3 4269:8 4395:14 4513:7 4521:16 4639:1 4641:25 4764:1 4767:26 4892:1 4894:27 5019:28 5147:28 5275:3 5279:24 5403:2 5406:24 5531:2 5537:20 5659:2 5663:22 5793:19 5921:18 6049:16 6177:16 6291:11 6305:16 6419:30 6545:26 6673:26 6801:25 6929:24 7057:20 7185:20 7313:18 7441:18 7569:18 7697:18 7825:19 7953:19 8081:19 8209:20 8337:20 8465:20 8594:21 8722:21 8851:20 8979:18 9108:15 9236:15 9363:22 9492:21 9620:21 9748:22 9876:23 10005:22 10135:22 10263:23 10393:22 10521:22 10650:21 10778:21 10911:1 10919:2 11687:2 11815:2 11863:2 11942:4 12071:3 12582:1 12711:1 12837:4 12959:19 13085:24 13211:27 13339:27 13402:1 13469:22 13598:20 13727:1 13729:13 13857:13 13985:12 14114:9 14124:1 14375:3,"{""x"": 0.13281, ""y"": 0.17969, ""w"": 0.57812, ""h"": 0.70312}",0.3612
464,3871:2 3999:2 4503:2 4630:3 4756:1 4758:3 4884:1 4886:3 5011:6 5140:5 5267:6 5395:8 5522:9 5532:10 5650:21 5779:20 5906:21 6035:16 6163:16 6181:1 6291:12 6419:2 6422:9 6551:4 6679:4 6804:1 6807:4 6935:4 7063:1 7191:3 7313:12 7441:13 7567:16 7694:17 7822:17 7949:18 8077:14 8205:14 8220:1 8332:18 8459:20 8587:20 8715:20 8844:19 8972:19 9100:19 9228:19 9359:16 9487:18 9617:17 9745:17 9873:16 10001:16 10022:3 10130:13 10257:14 10387:11 10402:7 10515:10 10529:9 10647:4 10657:13 10671:2 10775:4 10785:15 10913:10 11041:10 11169:10 11297:10 11426:1 11428:7 11437:1 11557:6 11564:2 11687:4 11814:5 11943:4 12071:4 12970:10 13097:14 13115:6 13223:30 13350:31 13480:1 13487:2 13501:8 13631:6 13759:6 13887:6 13991:1 14015:6 14143:6 14271:6 14399:7 14527:6 14657:2,"{""x"": 0.08594, ""y"": 0.23438, ""w"": 0.46094, ""h"": 0.66406}",0.2944
465,5587:3 5591:1 5599:8 5713:9 5727:8 5839:12 5853:10 5967:24 6094:25 6223:24 6354:3 6358:2 6362:13 6482:1 6484:1 6486:2 6490:1 6492:11 6621:9 6748:1 6750:8 6879:6 7007:6 7395:6 7402:3 7523:14 7651:15 7779:15 7905:18 8033:19 8161:20 8289:20 8417:20 8545:20 8673:20 8801:20 8929:20 9057:20 9186:19 9314:19 9431:4 9441:20 9559:6 9569:20 9687:7 9697:20 9815:8 9825:20 9945:6 9953:20 10023:1 10073:6 10081:20 10151:2 10204:1 10209:20 10278:3 10332:1 10337:20 10406:3 10455:30 10533:4 10583:30 10660:7 10710:31 10788:6 10838:30 10916:5 10965:30 11044:5 11093:30 11173:4 11221:28 11302:3 11349:28 11429:4 11475:26 11557:4 11603:24 11686:3 11731:19 11813:4 11859:18 11943:1 11987:16 12070:2 12115:16 12247:10 12375:10 12501:10 12629:11 12755:12 12883:12 13011:12 13138:13 13259:2 13263:14 13348:1 13387:2 13391:14 13527:2 13656:1,"{""x"": 0.28125, ""y"": 0.33594, ""w"": 0.63281, ""h"": 0.5}",0.3505
468,1839:1 1964:13 2093:8 2863:1 2989:4 3117:4 5271:1 5399:2 5527:2 5655:2 5783:2 5910:3 6038:3 6167:2 6293:6 6421:6 6548:7 6675:8 6684:1 6803:10 6931:10 7059:12 7187:12 7315:14 7443:14 7571:14 7699:14 7828:13 7956:13 8085:6 8213:6 8343:2 8471:2 8599:2 8727:1 9495:2 9623:4 9750:5 9879:4 10007:4 10135:4 10263:4 10279:2 10406:3 10534:3 10661:5 10777:2 10780:1 10789:5 10919:2 11047:2 11415:6 11542:7 11591:2 11667:12 11719:6 11795:12 11846:7 11921:14 11974:8 12049:14 12102:9 12175:16 12230:8 12303:1 12305:14 12359:7 12428:21 12487:7 12555:22 12615:7 12681:30 12743:6 12809:30 12840:1 12871:7 12937:33 12999:8 13065:34 13126:11 13193:38 13253:14 13321:38 13381:14 13449:26 13511:8 13577:13 13593:6 13639:7 13707:6 13771:1 13836:5 13964:1 13967:2 14095:2 14407:2,"{""x"": 0.07031, ""y"": 0.10938, ""w"": 0.57812, ""h"": 0.77344}",0.2885
475,3013:2 3142:1 5531:2 5659:2 5785:7 5913:8 6039:1 6041:7 6167:9 6290:15 6417:16 6545:19 6673:20 6801:21 6929:23 7059:22 7188:21 7315:22 7443:23 7571:23 7699:23 7827:22 7955:22 8083:22 8167:2 8211:22 8295:2 8339:20 8423:2 8467:20 8551:2 8595:19 8679:2 8723:19 8807:2 8853:16 8935:2 8982:13 8996:1 9063:2 10455:1 10465:8 10474:1 10476:5 10583:5 10593:16 10711:6 10718:20 10839:5 10845:22 10969:26 11095:1 11097:26 11230:21 11353:3 11358:21 11487:20 11615:22 11744:21 11871:22 12001:20 12129:20 12259:18 12388:17 12517:16 12646:15 12775:14 12903:14 13036:9 13168:5 13300:3 13428:3,"{""x"": 0.13281, ""y"": 0.17969, ""w"": 0.79688, ""h"": 0.64062}",0.3033
478,3513:1 3517:1 3521:8 3635:2 3641:1 3645:2 3648:9 3761:22 3784:1 3887:1 3889:22 4013:26 4141:26 4273:33 4401:34 4529:38 4657:40 4789:34 4917:34 5047:28 5076:1 5175:24 5305:13 5433:12 5546:5 5673:6 5691:2 5803:3 5817:4 5931:3 5942:7 6065:12 6191:1 6193:12 6323:8 6452:7 6581:5 6709:5 6839:2 6991:2 7063:6 7191:6 7319:2 7323:2 7447:2 7451:2 9695:2 9822:3 9950:3 10078:3 10207:1 10335:1 12487:2 12517:5 12613:5 12644:7 12739:8 12771:8 12780:1 12782:3 12866:9 12899:9 12909:4 12991:1 12993:12 13027:12 13040:1 13116:17 13154:15 13241:20 13282:13 13369:20 13410:13 13498:16 13542:4 13625:16 13671:2 13754:10 13766:3 13882:11 13895:1 14009:17 14137:17 14265:18 14393:20 14521:18 14649:17 14779:12 14907:11,"{""x"": 0.17969, ""y"": 0.21094, ""w"": 0.70312, ""h"": 0.70312}",0.2978
479,1468:5 1595:6 1723:6 1849:8 1976:10 2104:10 2222:19 2349:20 2475:22 2602:23 2730:20 2857:20 2985:18 3047:4 3113:18 3175:5 3236:19 3363:20 3491:19 3618:20 3746:20 3874:21 4002:21 4130:21 4258:21 4386:21 4514:21 4642:20 4770:19 4898:19 5027:16 5155:16 5283:16 5411:16 5539:15 5667:16 5795:15 5923:15 6051:14 6179:14 6307:10 6435:10 6563:10 6691:10 6819:8 6947:7 7079:2 7206:3 9749:1 9751:1 9876:5 10003:6 10131:6 10177:9 10259:6 10303:1 10305:10 10387:6 10435:6 10515:6 10566:3 10643:6 10771:7 10899:6 11028:5 11157:4 11287:2 12087:2 12205:14 12333:14 12461:14 12589:14 12719:12 12847:12 12975:11 13107:6,"{""x"": 0.14844, ""y"": 0.08594, ""w"": 0.69531, ""h"": 0.71875}",0.3078
